PICOUI_FOCUS_RUNTIME_READY=1
PICOUI_RUNTIME_READY
PICOUI_BACKEND_STATIC_MAPPING=REAL_LDGUI
PICOUI_BACKEND_REAL_WIDGET_IDS=wifi,agree,volume,submit,title,logo
PICOUI_SMOKE_LAYOUT_USED=0
[PICOUI_TOUCH][GET] pressed=0 raw=(-1,-1) out=(-1,-1)
PICOUI_BACKEND_IMAGE_SOURCE=logo:img=null,mask=null
[PICOUI_TOUCH][GET] pressed=0 raw=(-1,-1) out=(-1,-1)
PICOUI_BACKEND_IMAGE_SOURCE=logo:img=null,mask=null
[PICOUI_TOUCH][GET] pressed=0 raw=(-1,-1) out=(-1,-1)
PICOUI_BACKEND_IMAGE_SOURCE=logo:img=null,mask=null
[PICOUI_TOUCH][GET] pressed=0 raw=(-1,-1) out=(-1,-1)
PICOUI_BACKEND_IMAGE_SOURCE=logo:img=null,mask=null
[PICOUI_TOUCH][GET] pressed=0 raw=(-1,-1) out=(-1,-1)
PICOUI_BACKEND_IMAGE_SOURCE=logo:img=null,mask=null
[PICOUI_TOUCH][GET] pressed=0 raw=(-1,-1) out=(-1,-1)
PICOUI_BACKEND_IMAGE_SOURCE=logo:img=null,mask=null
[PICOUI_TOUCH][GET] pressed=0 raw=(-1,-1) out=(-1,-1)
PICOUI_BACKEND_IMAGE_SOURCE=logo:img=null,mask=null
[PICOUI_TOUCH][GET] pressed=0 raw=(-1,-1) out=(-1,-1)
PICOUI_BACKEND_IMAGE_SOURCE=logo:img=null,mask=null
[PICOUI_TOUCH][GET] pressed=0 raw=(-1,-1) out=(-1,-1)
PICOUI_BACKEND_IMAGE_SOURCE=logo:img=null,mask=null
[PICOUI_TOUCH][GET] pressed=0 raw=(-1,-1) out=(-1,-1)
PICOUI_BACKEND_IMAGE_SOURCE=logo:img=null,mask=null
[PICOUI_TOUCH][GET] pressed=0 raw=(-1,-1) out=(-1,-1)
PICOUI_BACKEND_IMAGE_SOURCE=logo:img=null,mask=null
[PICOUI_TOUCH][GET] pressed=0 raw=(-1,-1) out=(-1,-1)
PICOUI_BACKEND_IMAGE_SOURCE=logo:img=null,mask=null
[PICOUI_TOUCH][GET] pressed=0 raw=(-1,-1) out=(-1,-1)
PICOUI_BACKEND_IMAGE_SOURCE=logo:img=null,mask=null
[PICOUI_TOUCH][GET] pressed=0 raw=(-1,-1) out=(-1,-1)
PICOUI_BACKEND_IMAGE_SOURCE=logo:img=null,mask=null
[PICOUI_TOUCH][GET] pressed=0 raw=(-1,-1) out=(-1,-1)
PICOUI_BACKEND_IMAGE_SOURCE=logo:img=null,mask=null
[PICOUI_TOUCH][GET] pressed=0 raw=(-1,-1) out=(-1,-1)
PICOUI_BACKEND_IMAGE_SOURCE=logo:img=null,mask=null
[PICOUI_TOUCH][GET] pressed=0 raw=(-1,-1) out=(-1,-1)
PICOUI_BACKEND_IMAGE_SOURCE=logo:img=null,mask=null
[PICOUI_TOUCH][GET] pressed=0 raw=(-1,-1) out=(-1,-1)
PICOUI_BACKEND_IMAGE_SOURCE=logo:img=null,mask=null
[PICOUI_TOUCH][GET] pressed=0 raw=(-1,-1) out=(-1,-1)
PICOUI_BACKEND_IMAGE_SOURCE=logo:img=null,mask=null
[PICOUI_TOUCH][GET] pressed=0 raw=(-1,-1) out=(-1,-1)
PICOUI_BACKEND_IMAGE_SOURCE=logo:img=null,mask=null
[PICOUI_TOUCH][GET] pressed=0 raw=(-1,-1) out=(-1,-1)
PICOUI_BACKEND_IMAGE_SOURCE=logo:img=null,mask=null
[PICOUI_TOUCH][GET] pressed=0 raw=(-1,-1) out=(-1,-1)
PICOUI_BACKEND_IMAGE_SOURCE=logo:img=null,mask=null
[PICOUI_TOUCH][GET] pressed=0 raw=(-1,-1) out=(-1,-1)
PICOUI_BACKEND_IMAGE_SOURCE=logo:img=null,mask=null
[PICOUI_TOUCH][GET] pressed=0 raw=(-1,-1) out=(-1,-1)
PICOUI_BACKEND_IMAGE_SOURCE=logo:img=null,mask=null
[PICOUI_TOUCH][GET] pressed=0 raw=(-1,-1) out=(-1,-1)
PICOUI_BACKEND_IMAGE_SOURCE=logo:img=null,mask=null
[PICOUI_TOUCH][GET] pressed=0 raw=(-1,-1) out=(-1,-1)
PICOUI_BACKEND_IMAGE_SOURCE=logo:img=null,mask=null
[PICOUI_TOUCH][GET] pressed=0 raw=(-1,-1) out=(-1,-1)
PICOUI_BACKEND_IMAGE_SOURCE=logo:img=null,mask=null
[PICOUI_TOUCH][GET] pressed=0 raw=(-1,-1) out=(-1,-1)
PICOUI_BACKEND_IMAGE_SOURCE=logo:img=null,mask=null
[PICOUI_TOUCH][GET] pressed=0 raw=(-1,-1) out=(-1,-1)
PICOUI_BACKEND_IMAGE_SOURCE=logo:img=null,mask=null
[PICOUI_TOUCH][GET] pressed=0 raw=(-1,-1) out=(-1,-1)
PICOUI_BACKEND_IMAGE_SOURCE=logo:img=null,mask=null
[PICOUI_TOUCH][SDL] type=motion buttons=0x0 pos=(89,212)
[PICOUI_TOUCH][SDL->LD] raw=(89,212) window=(480,320) mapped=(89,212) pressed=0
[PICOUI_TOUCH][SET] pressed=0 point=(89,212)
[PICOUI_TOUCH][GET] pressed=0 raw=(89,212) out=(-1,-1)
PICOUI_BACKEND_IMAGE_SOURCE=logo:img=null,mask=null
[PICOUI_TOUCH][SDL] type=motion buttons=0x0 pos=(55,157)
[PICOUI_TOUCH][SDL->LD] raw=(55,157) window=(480,320) mapped=(55,157) pressed=0
[PICOUI_TOUCH][SET] pressed=0 point=(55,157)
[PICOUI_TOUCH][GET] pressed=0 raw=(55,157) out=(-1,-1)
PICOUI_BACKEND_IMAGE_SOURCE=logo:img=null,mask=null
[PICOUI_TOUCH][SDL] type=motion buttons=0x0 pos=(47,142)
[PICOUI_TOUCH][SDL->LD] raw=(47,142) window=(480,320) mapped=(47,142) pressed=0
[PICOUI_TOUCH][SET] pressed=0 point=(47,142)
[PICOUI_TOUCH][GET] pressed=0 raw=(47,142) out=(-1,-1)
PICOUI_BACKEND_IMAGE_SOURCE=logo:img=null,mask=null
[PICOUI_TOUCH][GET] pressed=0 raw=(47,142) out=(-1,-1)
PICOUI_BACKEND_IMAGE_SOURCE=logo:img=null,mask=null
[PICOUI_TOUCH][GET] pressed=0 raw=(47,142) out=(-1,-1)
PICOUI_BACKEND_IMAGE_SOURCE=logo:img=null,mask=null
[PICOUI_TOUCH][GET] pressed=0 raw=(47,142) out=(-1,-1)
PICOUI_BACKEND_IMAGE_SOURCE=logo:img=null,mask=null
[PICOUI_TOUCH][SDL] type=motion buttons=0x0 pos=(46,142)
[PICOUI_TOUCH][SDL->LD] raw=(46,142) window=(480,320) mapped=(46,142) pressed=0
[PICOUI_TOUCH][SET] pressed=0 point=(46,142)
[PICOUI_TOUCH][GET] pressed=0 raw=(46,142) out=(-1,-1)
PICOUI_BACKEND_IMAGE_SOURCE=logo:img=null,mask=null
[PICOUI_TOUCH][GET] pressed=0 raw=(46,142) out=(-1,-1)
PICOUI_BACKEND_IMAGE_SOURCE=logo:img=null,mask=null
[PICOUI_TOUCH][SDL] type=motion buttons=0x0 pos=(44,141)
[PICOUI_TOUCH][SDL->LD] raw=(44,141) window=(480,320) mapped=(44,141) pressed=0
[PICOUI_TOUCH][SET] pressed=0 point=(44,141)
[PICOUI_TOUCH][GET] pressed=0 raw=(44,141) out=(-1,-1)
PICOUI_BACKEND_IMAGE_SOURCE=logo:img=null,mask=null
[PICOUI_TOUCH][SDL] type=motion buttons=0x0 pos=(37,134)
[PICOUI_TOUCH][SDL->LD] raw=(37,134) window=(480,320) mapped=(37,134) pressed=0
[PICOUI_TOUCH][SET] pressed=0 point=(37,134)
[PICOUI_TOUCH][GET] pressed=0 raw=(37,134) out=(-1,-1)
PICOUI_BACKEND_IMAGE_SOURCE=logo:img=null,mask=null
[PICOUI_TOUCH][SDL] type=motion buttons=0x0 pos=(26,123)
[PICOUI_TOUCH][SDL->LD] raw=(26,123) window=(480,320) mapped=(26,123) pressed=0
[PICOUI_TOUCH][SET] pressed=0 point=(26,123)
[PICOUI_TOUCH][GET] pressed=0 raw=(26,123) out=(-1,-1)
PICOUI_BACKEND_IMAGE_SOURCE=logo:img=null,mask=null
[PICOUI_TOUCH][SDL] type=motion buttons=0x0 pos=(15,111)
[PICOUI_TOUCH][SDL->LD] raw=(15,111) window=(480,320) mapped=(15,111) pressed=0
[PICOUI_TOUCH][SET] pressed=0 point=(15,111)
[PICOUI_TOUCH][SDL] type=motion buttons=0x0 pos=(11,107)
[PICOUI_TOUCH][SDL->LD] raw=(11,107) window=(480,320) mapped=(11,107) pressed=0
[PICOUI_TOUCH][SET] pressed=0 point=(11,107)
[PICOUI_TOUCH][GET] pressed=0 raw=(11,107) out=(-1,-1)
PICOUI_BACKEND_IMAGE_SOURCE=logo:img=null,mask=null
[PICOUI_TOUCH][SDL] type=motion buttons=0x0 pos=(7,99)
[PICOUI_TOUCH][SDL->LD] raw=(7,99) window=(480,320) mapped=(7,99) pressed=0
[PICOUI_TOUCH][SET] pressed=0 point=(7,99)
[PICOUI_TOUCH][GET] pressed=0 raw=(7,99) out=(-1,-1)
PICOUI_BACKEND_IMAGE_SOURCE=logo:img=null,mask=null
[PICOUI_TOUCH][SDL] type=motion buttons=0x0 pos=(5,92)
[PICOUI_TOUCH][SDL->LD] raw=(5,92) window=(480,320) mapped=(5,92) pressed=0
[PICOUI_TOUCH][SET] pressed=0 point=(5,92)
[PICOUI_TOUCH][GET] pressed=0 raw=(5,92) out=(-1,-1)
PICOUI_BACKEND_IMAGE_SOURCE=logo:img=null,mask=null
[PICOUI_TOUCH][SDL] type=motion buttons=0x0 pos=(5,85)
[PICOUI_TOUCH][SDL->LD] raw=(5,85) window=(480,320) mapped=(5,85) pressed=0
[PICOUI_TOUCH][SET] pressed=0 point=(5,85)
[PICOUI_TOUCH][GET] pressed=0 raw=(5,85) out=(-1,-1)
PICOUI_BACKEND_IMAGE_SOURCE=logo:img=null,mask=null
[PICOUI_TOUCH][SDL] type=motion buttons=0x0 pos=(5,82)
[PICOUI_TOUCH][SDL->LD] raw=(5,82) window=(480,320) mapped=(5,82) pressed=0
[PICOUI_TOUCH][SET] pressed=0 point=(5,82)
[PICOUI_TOUCH][GET] pressed=0 raw=(5,82) out=(-1,-1)
PICOUI_BACKEND_IMAGE_SOURCE=logo:img=null,mask=null
[PICOUI_TOUCH][SDL] type=motion buttons=0x0 pos=(5,80)
[PICOUI_TOUCH][SDL->LD] raw=(5,80) window=(480,320) mapped=(5,80) pressed=0
[PICOUI_TOUCH][SET] pressed=0 point=(5,80)
[PICOUI_TOUCH][GET] pressed=0 raw=(5,80) out=(-1,-1)
PICOUI_BACKEND_IMAGE_SOURCE=logo:img=null,mask=null
[PICOUI_TOUCH][GET] pressed=0 raw=(5,80) out=(-1,-1)
PICOUI_BACKEND_IMAGE_SOURCE=logo:img=null,mask=null
[PICOUI_TOUCH][GET] pressed=0 raw=(5,80) out=(-1,-1)
PICOUI_BACKEND_IMAGE_SOURCE=logo:img=null,mask=null
[PICOUI_TOUCH][GET] pressed=0 raw=(5,80) out=(-1,-1)
PICOUI_BACKEND_IMAGE_SOURCE=logo:img=null,mask=null
[PICOUI_TOUCH][GET] pressed=0 raw=(5,80) out=(-1,-1)
PICOUI_BACKEND_IMAGE_SOURCE=logo:img=null,mask=null
[PICOUI_TOUCH][GET] pressed=0 raw=(5,80) out=(-1,-1)
PICOUI_BACKEND_IMAGE_SOURCE=logo:img=null,mask=null
[PICOUI_TOUCH][GET] pressed=0 raw=(5,80) out=(-1,-1)
PICOUI_BACKEND_IMAGE_SOURCE=logo:img=null,mask=null
[PICOUI_TOUCH][GET] pressed=0 raw=(5,80) out=(-1,-1)
PICOUI_BACKEND_IMAGE_SOURCE=logo:img=null,mask=null
[PICOUI_TOUCH][GET] pressed=0 raw=(5,80) out=(-1,-1)
PICOUI_BACKEND_IMAGE_SOURCE=logo:img=null,mask=null
[PICOUI_TOUCH][GET] pressed=0 raw=(5,80) out=(-1,-1)
PICOUI_BACKEND_IMAGE_SOURCE=logo:img=null,mask=null
[PICOUI_TOUCH][GET] pressed=0 raw=(5,80) out=(-1,-1)
PICOUI_BACKEND_IMAGE_SOURCE=logo:img=null,mask=null
[PICOUI_TOUCH][GET] pressed=0 raw=(5,80) out=(-1,-1)
PICOUI_BACKEND_IMAGE_SOURCE=logo:img=null,mask=null
[PICOUI_TOUCH][SDL] type=motion buttons=0x0 pos=(5,79)
[PICOUI_TOUCH][SDL->LD] raw=(5,79) window=(480,320) mapped=(5,79) pressed=0
[PICOUI_TOUCH][SET] pressed=0 point=(5,79)
[PICOUI_TOUCH][GET] pressed=0 raw=(5,79) out=(-1,-1)
PICOUI_BACKEND_IMAGE_SOURCE=logo:img=null,mask=null
[PICOUI_TOUCH][SDL] type=motion buttons=0x0 pos=(5,78)
[PICOUI_TOUCH][SDL->LD] raw=(5,78) window=(480,320) mapped=(5,78) pressed=0
[PICOUI_TOUCH][SET] pressed=0 point=(5,78)
[PICOUI_TOUCH][GET] pressed=0 raw=(5,78) out=(-1,-1)
PICOUI_BACKEND_IMAGE_SOURCE=logo:img=null,mask=null
[PICOUI_TOUCH][GET] pressed=0 raw=(5,78) out=(-1,-1)
PICOUI_BACKEND_IMAGE_SOURCE=logo:img=null,mask=null
[PICOUI_TOUCH][GET] pressed=0 raw=(5,78) out=(-1,-1)
PICOUI_BACKEND_IMAGE_SOURCE=logo:img=null,mask=null
[PICOUI_TOUCH][SDL] type=motion buttons=0x0 pos=(5,77)
[PICOUI_TOUCH][SDL->LD] raw=(5,77) window=(480,320) mapped=(5,77) pressed=0
[PICOUI_TOUCH][SET] pressed=0 point=(5,77)
[PICOUI_TOUCH][GET] pressed=0 raw=(5,77) out=(-1,-1)
PICOUI_BACKEND_IMAGE_SOURCE=logo:img=null,mask=null
[PICOUI_TOUCH][GET] pressed=0 raw=(5,77) out=(-1,-1)
PICOUI_BACKEND_IMAGE_SOURCE=logo:img=null,mask=null
[PICOUI_TOUCH][SDL] type=motion buttons=0x0 pos=(5,76)
[PICOUI_TOUCH][SDL->LD] raw=(5,76) window=(480,320) mapped=(5,76) pressed=0
[PICOUI_TOUCH][SET] pressed=0 point=(5,76)
[PICOUI_TOUCH][GET] pressed=0 raw=(5,76) out=(-1,-1)
PICOUI_BACKEND_IMAGE_SOURCE=logo:img=null,mask=null
[PICOUI_TOUCH][SDL] type=motion buttons=0x0 pos=(5,75)
[PICOUI_TOUCH][SDL->LD] raw=(5,75) window=(480,320) mapped=(5,75) pressed=0
[PICOUI_TOUCH][SET] pressed=0 point=(5,75)
[PICOUI_TOUCH][GET] pressed=0 raw=(5,75) out=(-1,-1)
PICOUI_BACKEND_IMAGE_SOURCE=logo:img=null,mask=null
[PICOUI_TOUCH][SDL] type=motion buttons=0x0 pos=(5,74)
[PICOUI_TOUCH][SDL->LD] raw=(5,74) window=(480,320) mapped=(5,74) pressed=0
[PICOUI_TOUCH][SET] pressed=0 point=(5,74)
[PICOUI_TOUCH][GET] pressed=0 raw=(5,74) out=(-1,-1)
PICOUI_BACKEND_IMAGE_SOURCE=logo:img=null,mask=null
[PICOUI_TOUCH][SDL] type=motion buttons=0x0 pos=(6,72)
[PICOUI_TOUCH][SDL->LD] raw=(6,72) window=(480,320) mapped=(6,72) pressed=0
[PICOUI_TOUCH][SET] pressed=0 point=(6,72)
[PICOUI_TOUCH][GET] pressed=0 raw=(6,72) out=(-1,-1)
PICOUI_BACKEND_IMAGE_SOURCE=logo:img=null,mask=null
[PICOUI_TOUCH][SDL] type=motion buttons=0x0 pos=(6,71)
[PICOUI_TOUCH][SDL->LD] raw=(6,71) window=(480,320) mapped=(6,71) pressed=0
[PICOUI_TOUCH][SET] pressed=0 point=(6,71)
[PICOUI_TOUCH][GET] pressed=0 raw=(6,71) out=(-1,-1)
PICOUI_BACKEND_IMAGE_SOURCE=logo:img=null,mask=null
[PICOUI_TOUCH][SDL] type=motion buttons=0x0 pos=(6,70)
[PICOUI_TOUCH][SDL->LD] raw=(6,70) window=(480,320) mapped=(6,70) pressed=0
[PICOUI_TOUCH][SET] pressed=0 point=(6,70)
[PICOUI_TOUCH][GET] pressed=0 raw=(6,70) out=(-1,-1)
PICOUI_BACKEND_IMAGE_SOURCE=logo:img=null,mask=null
[PICOUI_TOUCH][SDL] type=motion buttons=0x0 pos=(6,69)
[PICOUI_TOUCH][SDL->LD] raw=(6,69) window=(480,320) mapped=(6,69) pressed=0
[PICOUI_TOUCH][SET] pressed=0 point=(6,69)
[PICOUI_TOUCH][GET] pressed=0 raw=(6,69) out=(-1,-1)
PICOUI_BACKEND_IMAGE_SOURCE=logo:img=null,mask=null
[PICOUI_TOUCH][GET] pressed=0 raw=(6,69) out=(-1,-1)
PICOUI_BACKEND_IMAGE_SOURCE=logo:img=null,mask=null
[PICOUI_TOUCH][GET] pressed=0 raw=(6,69) out=(-1,-1)
PICOUI_BACKEND_IMAGE_SOURCE=logo:img=null,mask=null
[PICOUI_TOUCH][GET] pressed=0 raw=(6,69) out=(-1,-1)
PICOUI_BACKEND_IMAGE_SOURCE=logo:img=null,mask=null
[PICOUI_TOUCH][GET] pressed=0 raw=(6,69) out=(-1,-1)
PICOUI_BACKEND_IMAGE_SOURCE=logo:img=null,mask=null
[PICOUI_TOUCH][GET] pressed=0 raw=(6,69) out=(-1,-1)
PICOUI_BACKEND_IMAGE_SOURCE=logo:img=null,mask=null
[PICOUI_TOUCH][GET] pressed=0 raw=(6,69) out=(-1,-1)
PICOUI_BACKEND_IMAGE_SOURCE=logo:img=null,mask=null
[PICOUI_TOUCH][GET] pressed=0 raw=(6,69) out=(-1,-1)
PICOUI_BACKEND_IMAGE_SOURCE=logo:img=null,mask=null
[PICOUI_TOUCH][GET] pressed=0 raw=(6,69) out=(-1,-1)
PICOUI_BACKEND_IMAGE_SOURCE=logo:img=null,mask=null
[PICOUI_TOUCH][GET] pressed=0 raw=(6,69) out=(-1,-1)
PICOUI_BACKEND_IMAGE_SOURCE=logo:img=null,mask=null
[PICOUI_TOUCH][GET] pressed=0 raw=(6,69) out=(-1,-1)
PICOUI_BACKEND_IMAGE_SOURCE=logo:img=null,mask=null
[PICOUI_TOUCH][GET] pressed=0 raw=(6,69) out=(-1,-1)
PICOUI_BACKEND_IMAGE_SOURCE=logo:img=null,mask=null
[PICOUI_TOUCH][SDL] type=motion buttons=0x0 pos=(7,68)
[PICOUI_TOUCH][SDL->LD] raw=(7,68) window=(480,320) mapped=(7,68) pressed=0
[PICOUI_TOUCH][SET] pressed=0 point=(7,68)
[PICOUI_TOUCH][GET] pressed=0 raw=(7,68) out=(-1,-1)
PICOUI_BACKEND_IMAGE_SOURCE=logo:img=null,mask=null
[PICOUI_TOUCH][SDL] type=motion buttons=0x0 pos=(7,67)
[PICOUI_TOUCH][SDL->LD] raw=(7,67) window=(480,320) mapped=(7,67) pressed=0
[PICOUI_TOUCH][SET] pressed=0 point=(7,67)
[PICOUI_TOUCH][GET] pressed=0 raw=(7,67) out=(-1,-1)
PICOUI_BACKEND_IMAGE_SOURCE=logo:img=null,mask=null
[PICOUI_TOUCH][GET] pressed=0 raw=(7,67) out=(-1,-1)
PICOUI_BACKEND_IMAGE_SOURCE=logo:img=null,mask=null
[PICOUI_TOUCH][SDL] type=motion buttons=0x0 pos=(7,66)
[PICOUI_TOUCH][SDL->LD] raw=(7,66) window=(480,320) mapped=(7,66) pressed=0
[PICOUI_TOUCH][SET] pressed=0 point=(7,66)
[PICOUI_TOUCH][GET] pressed=0 raw=(7,66) out=(-1,-1)
PICOUI_BACKEND_IMAGE_SOURCE=logo:img=null,mask=null
[PICOUI_TOUCH][SDL] type=motion buttons=0x0 pos=(8,65)
[PICOUI_TOUCH][SDL->LD] raw=(8,65) window=(480,320) mapped=(8,65) pressed=0
[PICOUI_TOUCH][SET] pressed=0 point=(8,65)
[PICOUI_TOUCH][GET] pressed=0 raw=(8,65) out=(-1,-1)
PICOUI_BACKEND_IMAGE_SOURCE=logo:img=null,mask=null
[PICOUI_TOUCH][GET] pressed=0 raw=(8,65) out=(-1,-1)
PICOUI_BACKEND_IMAGE_SOURCE=logo:img=null,mask=null
[PICOUI_TOUCH][SDL] type=down button=1 pos=(8,65)
[PICOUI_TOUCH][SDL->LD] raw=(8,65) window=(480,320) mapped=(8,65) pressed=1
[PICOUI_TOUCH][SET] pressed=1 point=(8,65)
[PICOUI_TOUCH][GET] pressed=1 raw=(8,65) out=(8,65)
[PICOUI_TOUCH][HIT] signal=press widget=2 point=(8,65)
PICOUI_BACKEND_IMAGE_SOURCE=logo:img=null,mask=null
[PICOUI_TOUCH][GET] pressed=1 raw=(8,65) out=(8,65)
PICOUI_BACKEND_IMAGE_SOURCE=logo:img=null,mask=null
[PICOUI_TOUCH][GET] pressed=1 raw=(8,65) out=(8,65)
PICOUI_BACKEND_IMAGE_SOURCE=logo:img=null,mask=null
[PICOUI_TOUCH][GET] pressed=1 raw=(8,65) out=(8,65)
PICOUI_BACKEND_IMAGE_SOURCE=logo:img=null,mask=null
[PICOUI_TOUCH][SDL] type=up button=1 pos=(8,65)
[PICOUI_TOUCH][SDL->LD] raw=(8,65) window=(480,320) mapped=(8,65) pressed=0
[PICOUI_TOUCH][SET] pressed=0 point=(8,65)
[PICOUI_TOUCH][GET] pressed=0 raw=(8,65) out=(-1,-1)
[PICOUI_TOUCH][HIT] signal=release widget=2 point=(8,65)
PICOUI_BACKEND_IMAGE_SOURCE=logo:img=null,mask=null
[PICOUI_TOUCH][GET] pressed=0 raw=(8,65) out=(-1,-1)
PICOUI_BACKEND_IMAGE_SOURCE=logo:img=null,mask=null
[PICOUI_TOUCH][GET] pressed=0 raw=(8,65) out=(-1,-1)
PICOUI_BACKEND_IMAGE_SOURCE=logo:img=null,mask=null
[PICOUI_TOUCH][GET] pressed=0 raw=(8,65) out=(-1,-1)
PICOUI_BACKEND_IMAGE_SOURCE=logo:img=null,mask=null
[PICOUI_TOUCH][GET] pressed=0 raw=(8,65) out=(-1,-1)
PICOUI_BACKEND_IMAGE_SOURCE=logo:img=null,mask=null
[PICOUI_TOUCH][GET] pressed=0 raw=(8,65) out=(-1,-1)
PICOUI_BACKEND_IMAGE_SOURCE=logo:img=null,mask=null
[PICOUI_TOUCH][GET] pressed=0 raw=(8,65) out=(-1,-1)
PICOUI_BACKEND_IMAGE_SOURCE=logo:img=null,mask=null
[PICOUI_TOUCH][GET] pressed=0 raw=(8,65) out=(-1,-1)
PICOUI_BACKEND_IMAGE_SOURCE=logo:img=null,mask=null
[PICOUI_TOUCH][GET] pressed=0 raw=(8,65) out=(-1,-1)
PICOUI_BACKEND_IMAGE_SOURCE=logo:img=null,mask=null
[PICOUI_TOUCH][GET] pressed=0 raw=(8,65) out=(-1,-1)
PICOUI_BACKEND_IMAGE_SOURCE=logo:img=null,mask=null
[PICOUI_TOUCH][GET] pressed=0 raw=(8,65) out=(-1,-1)
PICOUI_BACKEND_IMAGE_SOURCE=logo:img=null,mask=null
[PICOUI_TOUCH][GET] pressed=0 raw=(8,65) out=(-1,-1)
PICOUI_BACKEND_IMAGE_SOURCE=logo:img=null,mask=null
[PICOUI_TOUCH][GET] pressed=0 raw=(8,65) out=(-1,-1)
PICOUI_BACKEND_IMAGE_SOURCE=logo:img=null,mask=null
[PICOUI_TOUCH][GET] pressed=0 raw=(8,65) out=(-1,-1)
PICOUI_BACKEND_IMAGE_SOURCE=logo:img=null,mask=null
[PICOUI_TOUCH][GET] pressed=0 raw=(8,65) out=(-1,-1)
PICOUI_BACKEND_IMAGE_SOURCE=logo:img=null,mask=null
[PICOUI_TOUCH][GET] pressed=0 raw=(8,65) out=(-1,-1)
PICOUI_BACKEND_IMAGE_SOURCE=logo:img=null,mask=null
[PICOUI_TOUCH][GET] pressed=0 raw=(8,65) out=(-1,-1)
PICOUI_BACKEND_IMAGE_SOURCE=logo:img=null,mask=null
[PICOUI_TOUCH][GET] pressed=0 raw=(8,65) out=(-1,-1)
PICOUI_BACKEND_IMAGE_SOURCE=logo:img=null,mask=null
[PICOUI_TOUCH][GET] pressed=0 raw=(8,65) out=(-1,-1)
PICOUI_BACKEND_IMAGE_SOURCE=logo:img=null,mask=null
[PICOUI_TOUCH][GET] pressed=0 raw=(8,65) out=(-1,-1)
PICOUI_BACKEND_IMAGE_SOURCE=logo:img=null,mask=null
[PICOUI_TOUCH][GET] pressed=0 raw=(8,65) out=(-1,-1)
PICOUI_BACKEND_IMAGE_SOURCE=logo:img=null,mask=null
[PICOUI_TOUCH][GET] pressed=0 raw=(8,65) out=(-1,-1)
PICOUI_BACKEND_IMAGE_SOURCE=logo:img=null,mask=null
[PICOUI_TOUCH][GET] pressed=0 raw=(8,65) out=(-1,-1)
PICOUI_BACKEND_IMAGE_SOURCE=logo:img=null,mask=null
[PICOUI_TOUCH][GET] pressed=0 raw=(8,65) out=(-1,-1)
PICOUI_BACKEND_IMAGE_SOURCE=logo:img=null,mask=null
[PICOUI_TOUCH][GET] pressed=0 raw=(8,65) out=(-1,-1)
PICOUI_BACKEND_IMAGE_SOURCE=logo:img=null,mask=null
[PICOUI_TOUCH][GET] pressed=0 raw=(8,65) out=(-1,-1)
PICOUI_BACKEND_IMAGE_SOURCE=logo:img=null,mask=null
[PICOUI_TOUCH][GET] pressed=0 raw=(8,65) out=(-1,-1)
PICOUI_BACKEND_IMAGE_SOURCE=logo:img=null,mask=null
[PICOUI_TOUCH][GET] pressed=0 raw=(8,65) out=(-1,-1)
PICOUI_BACKEND_IMAGE_SOURCE=logo:img=null,mask=null
[PICOUI_TOUCH][SDL] type=down button=1 pos=(8,65)
[PICOUI_TOUCH][SDL->LD] raw=(8,65) window=(480,320) mapped=(8,65) pressed=1
[PICOUI_TOUCH][SET] pressed=1 point=(8,65)
[PICOUI_TOUCH][GET] pressed=1 raw=(8,65) out=(8,65)
[PICOUI_TOUCH][HIT] signal=press widget=2 point=(8,65)
PICOUI_BACKEND_IMAGE_SOURCE=logo:img=null,mask=null
[PICOUI_TOUCH][GET] pressed=1 raw=(8,65) out=(8,65)
PICOUI_BACKEND_IMAGE_SOURCE=logo:img=null,mask=null
[PICOUI_TOUCH][GET] pressed=1 raw=(8,65) out=(8,65)
PICOUI_BACKEND_IMAGE_SOURCE=logo:img=null,mask=null
[PICOUI_TOUCH][SDL] type=up button=1 pos=(8,65)
[PICOUI_TOUCH][SDL->LD] raw=(8,65) window=(480,320) mapped=(8,65) pressed=0
[PICOUI_TOUCH][SET] pressed=0 point=(8,65)
[PICOUI_TOUCH][GET] pressed=0 raw=(8,65) out=(-1,-1)
[PICOUI_TOUCH][HIT] signal=release widget=2 point=(8,65)
PICOUI_BACKEND_IMAGE_SOURCE=logo:img=null,mask=null
[PICOUI_TOUCH][GET] pressed=0 raw=(8,65) out=(-1,-1)
PICOUI_BACKEND_IMAGE_SOURCE=logo:img=null,mask=null
[PICOUI_TOUCH][GET] pressed=0 raw=(8,65) out=(-1,-1)
PICOUI_BACKEND_IMAGE_SOURCE=logo:img=null,mask=null
[PICOUI_TOUCH][GET] pressed=0 raw=(8,65) out=(-1,-1)
PICOUI_BACKEND_IMAGE_SOURCE=logo:img=null,mask=null
[PICOUI_TOUCH][GET] pressed=0 raw=(8,65) out=(-1,-1)
PICOUI_BACKEND_IMAGE_SOURCE=logo:img=null,mask=null
[PICOUI_TOUCH][GET] pressed=0 raw=(8,65) out=(-1,-1)
PICOUI_BACKEND_IMAGE_SOURCE=logo:img=null,mask=null
[PICOUI_TOUCH][GET] pressed=0 raw=(8,65) out=(-1,-1)
PICOUI_BACKEND_IMAGE_SOURCE=logo:img=null,mask=null
[PICOUI_TOUCH][GET] pressed=0 raw=(8,65) out=(-1,-1)
PICOUI_BACKEND_IMAGE_SOURCE=logo:img=null,mask=null
[PICOUI_TOUCH][GET] pressed=0 raw=(8,65) out=(-1,-1)
PICOUI_BACKEND_IMAGE_SOURCE=logo:img=null,mask=null
[PICOUI_TOUCH][GET] pressed=0 raw=(8,65) out=(-1,-1)
PICOUI_BACKEND_IMAGE_SOURCE=logo:img=null,mask=null
[PICOUI_TOUCH][GET] pressed=0 raw=(8,65) out=(-1,-1)
PICOUI_BACKEND_IMAGE_SOURCE=logo:img=null,mask=null
[PICOUI_TOUCH][GET] pressed=0 raw=(8,65) out=(-1,-1)
PICOUI_BACKEND_IMAGE_SOURCE=logo:img=null,mask=null
[PICOUI_TOUCH][GET] pressed=0 raw=(8,65) out=(-1,-1)
PICOUI_BACKEND_IMAGE_SOURCE=logo:img=null,mask=null
[PICOUI_TOUCH][GET] pressed=0 raw=(8,65) out=(-1,-1)
PICOUI_BACKEND_IMAGE_SOURCE=logo:img=null,mask=null
[PICOUI_TOUCH][GET] pressed=0 raw=(8,65) out=(-1,-1)
PICOUI_BACKEND_IMAGE_SOURCE=logo:img=null,mask=null
[PICOUI_TOUCH][GET] pressed=0 raw=(8,65) out=(-1,-1)
PICOUI_BACKEND_IMAGE_SOURCE=logo:img=null,mask=null
[PICOUI_TOUCH][GET] pressed=0 raw=(8,65) out=(-1,-1)
PICOUI_BACKEND_IMAGE_SOURCE=logo:img=null,mask=null
[PICOUI_TOUCH][GET] pressed=0 raw=(8,65) out=(-1,-1)
PICOUI_BACKEND_IMAGE_SOURCE=logo:img=null,mask=null
[PICOUI_TOUCH][GET] pressed=0 raw=(8,65) out=(-1,-1)
PICOUI_BACKEND_IMAGE_SOURCE=logo:img=null,mask=null
[PICOUI_TOUCH][GET] pressed=0 raw=(8,65) out=(-1,-1)
PICOUI_BACKEND_IMAGE_SOURCE=logo:img=null,mask=null
[PICOUI_TOUCH][SDL] type=down button=1 pos=(8,65)
[PICOUI_TOUCH][SDL->LD] raw=(8,65) window=(480,320) mapped=(8,65) pressed=1
[PICOUI_TOUCH][SET] pressed=1 point=(8,65)
[PICOUI_TOUCH][GET] pressed=1 raw=(8,65) out=(8,65)
[PICOUI_TOUCH][HIT] signal=press widget=2 point=(8,65)
PICOUI_BACKEND_IMAGE_SOURCE=logo:img=null,mask=null
[PICOUI_TOUCH][GET] pressed=1 raw=(8,65) out=(8,65)
PICOUI_BACKEND_IMAGE_SOURCE=logo:img=null,mask=null
[PICOUI_TOUCH][GET] pressed=1 raw=(8,65) out=(8,65)
PICOUI_BACKEND_IMAGE_SOURCE=logo:img=null,mask=null
[PICOUI_TOUCH][SDL] type=up button=1 pos=(8,65)
[PICOUI_TOUCH][SDL->LD] raw=(8,65) window=(480,320) mapped=(8,65) pressed=0
[PICOUI_TOUCH][SET] pressed=0 point=(8,65)
[PICOUI_TOUCH][GET] pressed=0 raw=(8,65) out=(-1,-1)
[PICOUI_TOUCH][HIT] signal=release widget=2 point=(8,65)
PICOUI_BACKEND_IMAGE_SOURCE=logo:img=null,mask=null
[PICOUI_TOUCH][GET] pressed=0 raw=(8,65) out=(-1,-1)
PICOUI_BACKEND_IMAGE_SOURCE=logo:img=null,mask=null
[PICOUI_TOUCH][GET] pressed=0 raw=(8,65) out=(-1,-1)
PICOUI_BACKEND_IMAGE_SOURCE=logo:img=null,mask=null
[PICOUI_TOUCH][GET] pressed=0 raw=(8,65) out=(-1,-1)
PICOUI_BACKEND_IMAGE_SOURCE=logo:img=null,mask=null
[PICOUI_TOUCH][GET] pressed=0 raw=(8,65) out=(-1,-1)
PICOUI_BACKEND_IMAGE_SOURCE=logo:img=null,mask=null
[PICOUI_TOUCH][GET] pressed=0 raw=(8,65) out=(-1,-1)
PICOUI_BACKEND_IMAGE_SOURCE=logo:img=null,mask=null
[PICOUI_TOUCH][GET] pressed=0 raw=(8,65) out=(-1,-1)
PICOUI_BACKEND_IMAGE_SOURCE=logo:img=null,mask=null
[PICOUI_TOUCH][SDL] type=down button=1 pos=(8,65)
[PICOUI_TOUCH][SDL->LD] raw=(8,65) window=(480,320) mapped=(8,65) pressed=1
[PICOUI_TOUCH][SET] pressed=1 point=(8,65)
[PICOUI_TOUCH][GET] pressed=1 raw=(8,65) out=(8,65)
[PICOUI_TOUCH][HIT] signal=press widget=2 point=(8,65)
PICOUI_BACKEND_IMAGE_SOURCE=logo:img=null,mask=null
[PICOUI_TOUCH][GET] pressed=1 raw=(8,65) out=(8,65)
PICOUI_BACKEND_IMAGE_SOURCE=logo:img=null,mask=null
[PICOUI_TOUCH][GET] pressed=1 raw=(8,65) out=(8,65)
PICOUI_BACKEND_IMAGE_SOURCE=logo:img=null,mask=null
[PICOUI_TOUCH][GET] pressed=1 raw=(8,65) out=(8,65)
PICOUI_BACKEND_IMAGE_SOURCE=logo:img=null,mask=null
[PICOUI_TOUCH][SDL] type=up button=1 pos=(8,65)
[PICOUI_TOUCH][SDL->LD] raw=(8,65) window=(480,320) mapped=(8,65) pressed=0
[PICOUI_TOUCH][SET] pressed=0 point=(8,65)
[PICOUI_TOUCH][GET] pressed=0 raw=(8,65) out=(-1,-1)
[PICOUI_TOUCH][HIT] signal=release widget=2 point=(8,65)
PICOUI_BACKEND_IMAGE_SOURCE=logo:img=null,mask=null
[PICOUI_TOUCH][GET] pressed=0 raw=(8,65) out=(-1,-1)
PICOUI_BACKEND_IMAGE_SOURCE=logo:img=null,mask=null
[PICOUI_TOUCH][GET] pressed=0 raw=(8,65) out=(-1,-1)
PICOUI_BACKEND_IMAGE_SOURCE=logo:img=null,mask=null
[PICOUI_TOUCH][GET] pressed=0 raw=(8,65) out=(-1,-1)
PICOUI_BACKEND_IMAGE_SOURCE=logo:img=null,mask=null
[PICOUI_TOUCH][GET] pressed=0 raw=(8,65) out=(-1,-1)
PICOUI_BACKEND_IMAGE_SOURCE=logo:img=null,mask=null
[PICOUI_TOUCH][GET] pressed=0 raw=(8,65) out=(-1,-1)
PICOUI_BACKEND_IMAGE_SOURCE=logo:img=null,mask=null
[PICOUI_TOUCH][SDL] type=motion buttons=0x0 pos=(9,65)
[PICOUI_TOUCH][SDL->LD] raw=(9,65) window=(480,320) mapped=(9,65) pressed=0
[PICOUI_TOUCH][SET] pressed=0 point=(9,65)
[PICOUI_TOUCH][GET] pressed=0 raw=(9,65) out=(-1,-1)
PICOUI_BACKEND_IMAGE_SOURCE=logo:img=null,mask=null
[PICOUI_TOUCH][SDL] type=motion buttons=0x0 pos=(11,67)
[PICOUI_TOUCH][SDL->LD] raw=(11,67) window=(480,320) mapped=(11,67) pressed=0
[PICOUI_TOUCH][SET] pressed=0 point=(11,67)
[PICOUI_TOUCH][GET] pressed=0 raw=(11,67) out=(-1,-1)
PICOUI_BACKEND_IMAGE_SOURCE=logo:img=null,mask=null
[PICOUI_TOUCH][SDL] type=motion buttons=0x0 pos=(12,67)
[PICOUI_TOUCH][SDL->LD] raw=(12,67) window=(480,320) mapped=(12,67) pressed=0
[PICOUI_TOUCH][SET] pressed=0 point=(12,67)
[PICOUI_TOUCH][GET] pressed=0 raw=(12,67) out=(-1,-1)
PICOUI_BACKEND_IMAGE_SOURCE=logo:img=null,mask=null
[PICOUI_TOUCH][SDL] type=motion buttons=0x0 pos=(13,68)
[PICOUI_TOUCH][SDL->LD] raw=(13,68) window=(480,320) mapped=(13,68) pressed=0
[PICOUI_TOUCH][SET] pressed=0 point=(13,68)
[PICOUI_TOUCH][GET] pressed=0 raw=(13,68) out=(-1,-1)
PICOUI_BACKEND_IMAGE_SOURCE=logo:img=null,mask=null
[PICOUI_TOUCH][SDL] type=motion buttons=0x0 pos=(17,71)
[PICOUI_TOUCH][SDL->LD] raw=(17,71) window=(480,320) mapped=(17,71) pressed=0
[PICOUI_TOUCH][SET] pressed=0 point=(17,71)
[PICOUI_TOUCH][GET] pressed=0 raw=(17,71) out=(-1,-1)
PICOUI_BACKEND_IMAGE_SOURCE=logo:img=null,mask=null
[PICOUI_TOUCH][SDL] type=motion buttons=0x0 pos=(22,76)
[PICOUI_TOUCH][SDL->LD] raw=(22,76) window=(480,320) mapped=(22,76) pressed=0
[PICOUI_TOUCH][SET] pressed=0 point=(22,76)
[PICOUI_TOUCH][GET] pressed=0 raw=(22,76) out=(-1,-1)
PICOUI_BACKEND_IMAGE_SOURCE=logo:img=null,mask=null
[PICOUI_TOUCH][SDL] type=motion buttons=0x0 pos=(26,80)
[PICOUI_TOUCH][SDL->LD] raw=(26,80) window=(480,320) mapped=(26,80) pressed=0
[PICOUI_TOUCH][SET] pressed=0 point=(26,80)
[PICOUI_TOUCH][GET] pressed=0 raw=(26,80) out=(-1,-1)
PICOUI_BACKEND_IMAGE_SOURCE=logo:img=null,mask=null
[PICOUI_TOUCH][SDL] type=motion buttons=0x0 pos=(29,83)
[PICOUI_TOUCH][SDL->LD] raw=(29,83) window=(480,320) mapped=(29,83) pressed=0
[PICOUI_TOUCH][SET] pressed=0 point=(29,83)
[PICOUI_TOUCH][GET] pressed=0 raw=(29,83) out=(-1,-1)
PICOUI_BACKEND_IMAGE_SOURCE=logo:img=null,mask=null
[PICOUI_TOUCH][SDL] type=motion buttons=0x0 pos=(29,84)
[PICOUI_TOUCH][SDL->LD] raw=(29,84) window=(480,320) mapped=(29,84) pressed=0
[PICOUI_TOUCH][SET] pressed=0 point=(29,84)
[PICOUI_TOUCH][GET] pressed=0 raw=(29,84) out=(-1,-1)
PICOUI_BACKEND_IMAGE_SOURCE=logo:img=null,mask=null
[PICOUI_TOUCH][SDL] type=motion buttons=0x0 pos=(30,86)
[PICOUI_TOUCH][SDL->LD] raw=(30,86) window=(480,320) mapped=(30,86) pressed=0
[PICOUI_TOUCH][SET] pressed=0 point=(30,86)
[PICOUI_TOUCH][GET] pressed=0 raw=(30,86) out=(-1,-1)
PICOUI_BACKEND_IMAGE_SOURCE=logo:img=null,mask=null
[PICOUI_TOUCH][GET] pressed=0 raw=(30,86) out=(-1,-1)
PICOUI_BACKEND_IMAGE_SOURCE=logo:img=null,mask=null
[PICOUI_TOUCH][SDL] type=motion buttons=0x0 pos=(30,87)
[PICOUI_TOUCH][SDL->LD] raw=(30,87) window=(480,320) mapped=(30,87) pressed=0
[PICOUI_TOUCH][SET] pressed=0 point=(30,87)
[PICOUI_TOUCH][GET] pressed=0 raw=(30,87) out=(-1,-1)
PICOUI_BACKEND_IMAGE_SOURCE=logo:img=null,mask=null
[PICOUI_TOUCH][SDL] type=motion buttons=0x0 pos=(30,88)
[PICOUI_TOUCH][SDL->LD] raw=(30,88) window=(480,320) mapped=(30,88) pressed=0
[PICOUI_TOUCH][SET] pressed=0 point=(30,88)
[PICOUI_TOUCH][GET] pressed=0 raw=(30,88) out=(-1,-1)
PICOUI_BACKEND_IMAGE_SOURCE=logo:img=null,mask=null
[PICOUI_TOUCH][GET] pressed=0 raw=(30,88) out=(-1,-1)
PICOUI_BACKEND_IMAGE_SOURCE=logo:img=null,mask=null
[PICOUI_TOUCH][GET] pressed=0 raw=(30,88) out=(-1,-1)
PICOUI_BACKEND_IMAGE_SOURCE=logo:img=null,mask=null
[PICOUI_TOUCH][GET] pressed=0 raw=(30,88) out=(-1,-1)
PICOUI_BACKEND_IMAGE_SOURCE=logo:img=null,mask=null
[PICOUI_TOUCH][GET] pressed=0 raw=(30,88) out=(-1,-1)
PICOUI_BACKEND_IMAGE_SOURCE=logo:img=null,mask=null
[PICOUI_TOUCH][GET] pressed=0 raw=(30,88) out=(-1,-1)
PICOUI_BACKEND_IMAGE_SOURCE=logo:img=null,mask=null
[PICOUI_TOUCH][SDL] type=down button=1 pos=(30,88)
[PICOUI_TOUCH][SDL->LD] raw=(30,88) window=(480,320) mapped=(30,88) pressed=1
[PICOUI_TOUCH][SET] pressed=1 point=(30,88)
[PICOUI_TOUCH][GET] pressed=1 raw=(30,88) out=(30,88)
[PICOUI_TOUCH][HIT] signal=press widget=0 point=(30,88)
PICOUI_BACKEND_IMAGE_SOURCE=logo:img=null,mask=null
[PICOUI_TOUCH][GET] pressed=1 raw=(30,88) out=(30,88)
PICOUI_BACKEND_IMAGE_SOURCE=logo:img=null,mask=null
[PICOUI_TOUCH][GET] pressed=1 raw=(30,88) out=(30,88)
PICOUI_BACKEND_IMAGE_SOURCE=logo:img=null,mask=null
[PICOUI_TOUCH][SDL] type=up button=1 pos=(30,88)
[PICOUI_TOUCH][SDL->LD] raw=(30,88) window=(480,320) mapped=(30,88) pressed=0
[PICOUI_TOUCH][SET] pressed=0 point=(30,88)
[PICOUI_TOUCH][GET] pressed=0 raw=(30,88) out=(-1,-1)
[PICOUI_TOUCH][HIT] signal=release widget=0 point=(30,88)
PICOUI_BACKEND_IMAGE_SOURCE=logo:img=null,mask=null
[PICOUI_TOUCH][SDL] type=motion buttons=0x0 pos=(30,89)
[PICOUI_TOUCH][SDL->LD] raw=(30,89) window=(480,320) mapped=(30,89) pressed=0
[PICOUI_TOUCH][SET] pressed=0 point=(30,89)
[PICOUI_TOUCH][GET] pressed=0 raw=(30,89) out=(-1,-1)
PICOUI_BACKEND_IMAGE_SOURCE=logo:img=null,mask=null
[PICOUI_TOUCH][SDL] type=motion buttons=0x0 pos=(31,89)
[PICOUI_TOUCH][SDL->LD] raw=(31,89) window=(480,320) mapped=(31,89) pressed=0
[PICOUI_TOUCH][SET] pressed=0 point=(31,89)
[PICOUI_TOUCH][GET] pressed=0 raw=(31,89) out=(-1,-1)
PICOUI_BACKEND_IMAGE_SOURCE=logo:img=null,mask=null
[PICOUI_TOUCH][SDL] type=motion buttons=0x0 pos=(33,90)
[PICOUI_TOUCH][SDL->LD] raw=(33,90) window=(480,320) mapped=(33,90) pressed=0
[PICOUI_TOUCH][SET] pressed=0 point=(33,90)
[PICOUI_TOUCH][GET] pressed=0 raw=(33,90) out=(-1,-1)
PICOUI_BACKEND_IMAGE_SOURCE=logo:img=null,mask=null
[PICOUI_TOUCH][SDL] type=motion buttons=0x0 pos=(35,93)
[PICOUI_TOUCH][SDL->LD] raw=(35,93) window=(480,320) mapped=(35,93) pressed=0
[PICOUI_TOUCH][SET] pressed=0 point=(35,93)
[PICOUI_TOUCH][GET] pressed=0 raw=(35,93) out=(-1,-1)
PICOUI_BACKEND_IMAGE_SOURCE=logo:img=null,mask=null
[PICOUI_TOUCH][SDL] type=motion buttons=0x0 pos=(38,97)
[PICOUI_TOUCH][SDL->LD] raw=(38,97) window=(480,320) mapped=(38,97) pressed=0
[PICOUI_TOUCH][SET] pressed=0 point=(38,97)
[PICOUI_TOUCH][GET] pressed=0 raw=(38,97) out=(-1,-1)
PICOUI_BACKEND_IMAGE_SOURCE=logo:img=null,mask=null
[PICOUI_TOUCH][SDL] type=motion buttons=0x0 pos=(40,99)
[PICOUI_TOUCH][SDL->LD] raw=(40,99) window=(480,320) mapped=(40,99) pressed=0
[PICOUI_TOUCH][SET] pressed=0 point=(40,99)
[PICOUI_TOUCH][GET] pressed=0 raw=(40,99) out=(-1,-1)
PICOUI_BACKEND_IMAGE_SOURCE=logo:img=null,mask=null
[PICOUI_TOUCH][GET] pressed=0 raw=(40,99) out=(-1,-1)
PICOUI_BACKEND_IMAGE_SOURCE=logo:img=null,mask=null
[PICOUI_TOUCH][SDL] type=motion buttons=0x0 pos=(40,100)
[PICOUI_TOUCH][SDL->LD] raw=(40,100) window=(480,320) mapped=(40,100) pressed=0
[PICOUI_TOUCH][SET] pressed=0 point=(40,100)
[PICOUI_TOUCH][GET] pressed=0 raw=(40,100) out=(-1,-1)
PICOUI_BACKEND_IMAGE_SOURCE=logo:img=null,mask=null
[PICOUI_TOUCH][GET] pressed=0 raw=(40,100) out=(-1,-1)
PICOUI_BACKEND_IMAGE_SOURCE=logo:img=null,mask=null
[PICOUI_TOUCH][GET] pressed=0 raw=(40,100) out=(-1,-1)
PICOUI_BACKEND_IMAGE_SOURCE=logo:img=null,mask=null
[PICOUI_TOUCH][GET] pressed=0 raw=(40,100) out=(-1,-1)
PICOUI_BACKEND_IMAGE_SOURCE=logo:img=null,mask=null
[PICOUI_TOUCH][GET] pressed=0 raw=(40,100) out=(-1,-1)
PICOUI_BACKEND_IMAGE_SOURCE=logo:img=null,mask=null
[PICOUI_TOUCH][GET] pressed=0 raw=(40,100) out=(-1,-1)
PICOUI_BACKEND_IMAGE_SOURCE=logo:img=null,mask=null
[PICOUI_TOUCH][GET] pressed=0 raw=(40,100) out=(-1,-1)
PICOUI_BACKEND_IMAGE_SOURCE=logo:img=null,mask=null
[PICOUI_TOUCH][GET] pressed=0 raw=(40,100) out=(-1,-1)
PICOUI_BACKEND_IMAGE_SOURCE=logo:img=null,mask=null
[PICOUI_TOUCH][GET] pressed=0 raw=(40,100) out=(-1,-1)
PICOUI_BACKEND_IMAGE_SOURCE=logo:img=null,mask=null
[PICOUI_TOUCH][SDL] type=down button=1 pos=(40,100)
[PICOUI_TOUCH][SDL->LD] raw=(40,100) window=(480,320) mapped=(40,100) pressed=1
[PICOUI_TOUCH][SET] pressed=1 point=(40,100)
[PICOUI_TOUCH][GET] pressed=1 raw=(40,100) out=(40,100)
[PICOUI_TOUCH][HIT] signal=press widget=3 point=(40,100)
[PICOUI_TOUCH][SLIDER] widget=3 local=(35,10) permille=166 signal=1
PICOUI_BACKEND_IMAGE_SOURCE=logo:img=null,mask=null
[PICOUI_TOUCH][GET] pressed=1 raw=(40,100) out=(40,100)
PICOUI_BACKEND_IMAGE_SOURCE=logo:img=null,mask=null
[PICOUI_TOUCH][GET] pressed=1 raw=(40,100) out=(40,100)
PICOUI_BACKEND_IMAGE_SOURCE=logo:img=null,mask=null
[PICOUI_TOUCH][GET] pressed=1 raw=(40,100) out=(40,100)
PICOUI_BACKEND_IMAGE_SOURCE=logo:img=null,mask=null
[PICOUI_TOUCH][GET] pressed=1 raw=(40,100) out=(40,100)
PICOUI_BACKEND_IMAGE_SOURCE=logo:img=null,mask=null
[PICOUI_TOUCH][GET] pressed=1 raw=(40,100) out=(40,100)
PICOUI_BACKEND_IMAGE_SOURCE=logo:img=null,mask=null
[PICOUI_TOUCH][SDL] type=up button=1 pos=(40,100)
[PICOUI_TOUCH][SDL->LD] raw=(40,100) window=(480,320) mapped=(40,100) pressed=0
[PICOUI_TOUCH][SET] pressed=0 point=(40,100)
[PICOUI_TOUCH][GET] pressed=0 raw=(40,100) out=(-1,-1)
[PICOUI_TOUCH][HIT] signal=release widget=3 point=(40,100)
PICOUI_BACKEND_IMAGE_SOURCE=logo:img=null,mask=null
[PICOUI_TOUCH][GET] pressed=0 raw=(40,100) out=(-1,-1)
PICOUI_BACKEND_IMAGE_SOURCE=logo:img=null,mask=null
[PICOUI_TOUCH][SDL] type=motion buttons=0x0 pos=(41,100)
[PICOUI_TOUCH][SDL->LD] raw=(41,100) window=(480,320) mapped=(41,100) pressed=0
[PICOUI_TOUCH][SET] pressed=0 point=(41,100)
[PICOUI_TOUCH][GET] pressed=0 raw=(41,100) out=(-1,-1)
PICOUI_BACKEND_IMAGE_SOURCE=logo:img=null,mask=null
[PICOUI_TOUCH][SDL] type=motion buttons=0x0 pos=(43,101)
[PICOUI_TOUCH][SDL->LD] raw=(43,101) window=(480,320) mapped=(43,101) pressed=0
[PICOUI_TOUCH][SET] pressed=0 point=(43,101)
[PICOUI_TOUCH][GET] pressed=0 raw=(43,101) out=(-1,-1)
PICOUI_BACKEND_IMAGE_SOURCE=logo:img=null,mask=null
[PICOUI_TOUCH][SDL] type=motion buttons=0x0 pos=(47,102)
[PICOUI_TOUCH][SDL->LD] raw=(47,102) window=(480,320) mapped=(47,102) pressed=0
[PICOUI_TOUCH][SET] pressed=0 point=(47,102)
[PICOUI_TOUCH][GET] pressed=0 raw=(47,102) out=(-1,-1)
PICOUI_BACKEND_IMAGE_SOURCE=logo:img=null,mask=null
[PICOUI_TOUCH][SDL] type=motion buttons=0x0 pos=(52,104)
[PICOUI_TOUCH][SDL->LD] raw=(52,104) window=(480,320) mapped=(52,104) pressed=0
[PICOUI_TOUCH][SET] pressed=0 point=(52,104)
[PICOUI_TOUCH][GET] pressed=0 raw=(52,104) out=(-1,-1)
PICOUI_BACKEND_IMAGE_SOURCE=logo:img=null,mask=null
[PICOUI_TOUCH][SDL] type=motion buttons=0x0 pos=(56,107)
[PICOUI_TOUCH][SDL->LD] raw=(56,107) window=(480,320) mapped=(56,107) pressed=0
[PICOUI_TOUCH][SET] pressed=0 point=(56,107)
[PICOUI_TOUCH][GET] pressed=0 raw=(56,107) out=(-1,-1)
PICOUI_BACKEND_IMAGE_SOURCE=logo:img=null,mask=null
[PICOUI_TOUCH][SDL] type=motion buttons=0x0 pos=(61,109)
[PICOUI_TOUCH][SDL->LD] raw=(61,109) window=(480,320) mapped=(61,109) pressed=0
[PICOUI_TOUCH][SET] pressed=0 point=(61,109)
[PICOUI_TOUCH][GET] pressed=0 raw=(61,109) out=(-1,-1)
PICOUI_BACKEND_IMAGE_SOURCE=logo:img=null,mask=null
[PICOUI_TOUCH][SDL] type=motion buttons=0x0 pos=(67,111)
[PICOUI_TOUCH][SDL->LD] raw=(67,111) window=(480,320) mapped=(67,111) pressed=0
[PICOUI_TOUCH][SET] pressed=0 point=(67,111)
[PICOUI_TOUCH][GET] pressed=0 raw=(67,111) out=(-1,-1)
PICOUI_BACKEND_IMAGE_SOURCE=logo:img=null,mask=null
[PICOUI_TOUCH][SDL] type=motion buttons=0x0 pos=(68,111)
[PICOUI_TOUCH][SDL->LD] raw=(68,111) window=(480,320) mapped=(68,111) pressed=0
[PICOUI_TOUCH][SET] pressed=0 point=(68,111)
[PICOUI_TOUCH][GET] pressed=0 raw=(68,111) out=(-1,-1)
PICOUI_BACKEND_IMAGE_SOURCE=logo:img=null,mask=null
[PICOUI_TOUCH][GET] pressed=0 raw=(68,111) out=(-1,-1)
PICOUI_BACKEND_IMAGE_SOURCE=logo:img=null,mask=null
[PICOUI_TOUCH][GET] pressed=0 raw=(68,111) out=(-1,-1)
PICOUI_BACKEND_IMAGE_SOURCE=logo:img=null,mask=null
[PICOUI_TOUCH][GET] pressed=0 raw=(68,111) out=(-1,-1)
PICOUI_BACKEND_IMAGE_SOURCE=logo:img=null,mask=null
[PICOUI_TOUCH][GET] pressed=0 raw=(68,111) out=(-1,-1)
PICOUI_BACKEND_IMAGE_SOURCE=logo:img=null,mask=null
[PICOUI_TOUCH][GET] pressed=0 raw=(68,111) out=(-1,-1)
PICOUI_BACKEND_IMAGE_SOURCE=logo:img=null,mask=null
[PICOUI_TOUCH][GET] pressed=0 raw=(68,111) out=(-1,-1)
PICOUI_BACKEND_IMAGE_SOURCE=logo:img=null,mask=null
[PICOUI_TOUCH][SDL] type=motion buttons=0x0 pos=(67,110)
[PICOUI_TOUCH][SDL->LD] raw=(67,110) window=(480,320) mapped=(67,110) pressed=0
[PICOUI_TOUCH][SET] pressed=0 point=(67,110)
[PICOUI_TOUCH][GET] pressed=0 raw=(67,110) out=(-1,-1)
PICOUI_BACKEND_IMAGE_SOURCE=logo:img=null,mask=null
[PICOUI_TOUCH][SDL] type=motion buttons=0x0 pos=(64,109)
[PICOUI_TOUCH][SDL->LD] raw=(64,109) window=(480,320) mapped=(64,109) pressed=0
[PICOUI_TOUCH][SET] pressed=0 point=(64,109)
[PICOUI_TOUCH][GET] pressed=0 raw=(64,109) out=(-1,-1)
PICOUI_BACKEND_IMAGE_SOURCE=logo:img=null,mask=null
[PICOUI_TOUCH][SDL] type=motion buttons=0x0 pos=(63,108)
[PICOUI_TOUCH][SDL->LD] raw=(63,108) window=(480,320) mapped=(63,108) pressed=0
[PICOUI_TOUCH][SET] pressed=0 point=(63,108)
[PICOUI_TOUCH][GET] pressed=0 raw=(63,108) out=(-1,-1)
PICOUI_BACKEND_IMAGE_SOURCE=logo:img=null,mask=null
[PICOUI_TOUCH][SDL] type=motion buttons=0x0 pos=(61,107)
[PICOUI_TOUCH][SDL->LD] raw=(61,107) window=(480,320) mapped=(61,107) pressed=0
[PICOUI_TOUCH][SET] pressed=0 point=(61,107)
[PICOUI_TOUCH][GET] pressed=0 raw=(61,107) out=(-1,-1)
PICOUI_BACKEND_IMAGE_SOURCE=logo:img=null,mask=null
[PICOUI_TOUCH][GET] pressed=0 raw=(61,107) out=(-1,-1)
PICOUI_BACKEND_IMAGE_SOURCE=logo:img=null,mask=null
[PICOUI_TOUCH][SDL] type=motion buttons=0x0 pos=(60,106)
[PICOUI_TOUCH][SDL->LD] raw=(60,106) window=(480,320) mapped=(60,106) pressed=0
[PICOUI_TOUCH][SET] pressed=0 point=(60,106)
[PICOUI_TOUCH][GET] pressed=0 raw=(60,106) out=(-1,-1)
PICOUI_BACKEND_IMAGE_SOURCE=logo:img=null,mask=null
[PICOUI_TOUCH][SDL] type=motion buttons=0x0 pos=(59,106)
[PICOUI_TOUCH][SDL->LD] raw=(59,106) window=(480,320) mapped=(59,106) pressed=0
[PICOUI_TOUCH][SET] pressed=0 point=(59,106)
[PICOUI_TOUCH][GET] pressed=0 raw=(59,106) out=(-1,-1)
PICOUI_BACKEND_IMAGE_SOURCE=logo:img=null,mask=null
[PICOUI_TOUCH][GET] pressed=0 raw=(59,106) out=(-1,-1)
PICOUI_BACKEND_IMAGE_SOURCE=logo:img=null,mask=null
[PICOUI_TOUCH][SDL] type=motion buttons=0x0 pos=(58,106)
[PICOUI_TOUCH][SDL->LD] raw=(58,106) window=(480,320) mapped=(58,106) pressed=0
[PICOUI_TOUCH][SET] pressed=0 point=(58,106)
[PICOUI_TOUCH][GET] pressed=0 raw=(58,106) out=(-1,-1)
PICOUI_BACKEND_IMAGE_SOURCE=logo:img=null,mask=null
[PICOUI_TOUCH][SDL] type=motion buttons=0x0 pos=(57,106)
[PICOUI_TOUCH][SDL->LD] raw=(57,106) window=(480,320) mapped=(57,106) pressed=0
[PICOUI_TOUCH][SET] pressed=0 point=(57,106)
[PICOUI_TOUCH][GET] pressed=0 raw=(57,106) out=(-1,-1)
PICOUI_BACKEND_IMAGE_SOURCE=logo:img=null,mask=null
[PICOUI_TOUCH][SDL] type=motion buttons=0x0 pos=(56,104)
[PICOUI_TOUCH][SDL->LD] raw=(56,104) window=(480,320) mapped=(56,104) pressed=0
[PICOUI_TOUCH][SET] pressed=0 point=(56,104)
[PICOUI_TOUCH][GET] pressed=0 raw=(56,104) out=(-1,-1)
PICOUI_BACKEND_IMAGE_SOURCE=logo:img=null,mask=null
[PICOUI_TOUCH][SDL] type=motion buttons=0x0 pos=(54,104)
[PICOUI_TOUCH][SDL->LD] raw=(54,104) window=(480,320) mapped=(54,104) pressed=0
[PICOUI_TOUCH][SET] pressed=0 point=(54,104)
[PICOUI_TOUCH][GET] pressed=0 raw=(54,104) out=(-1,-1)
PICOUI_BACKEND_IMAGE_SOURCE=logo:img=null,mask=null
[PICOUI_TOUCH][GET] pressed=0 raw=(54,104) out=(-1,-1)
PICOUI_BACKEND_IMAGE_SOURCE=logo:img=null,mask=null
[PICOUI_TOUCH][SDL] type=motion buttons=0x0 pos=(53,104)
[PICOUI_TOUCH][SDL->LD] raw=(53,104) window=(480,320) mapped=(53,104) pressed=0
[PICOUI_TOUCH][SET] pressed=0 point=(53,104)
[PICOUI_TOUCH][GET] pressed=0 raw=(53,104) out=(-1,-1)
PICOUI_BACKEND_IMAGE_SOURCE=logo:img=null,mask=null
[PICOUI_TOUCH][SDL] type=motion buttons=0x0 pos=(52,104)
[PICOUI_TOUCH][SDL->LD] raw=(52,104) window=(480,320) mapped=(52,104) pressed=0
[PICOUI_TOUCH][SET] pressed=0 point=(52,104)
[PICOUI_TOUCH][GET] pressed=0 raw=(52,104) out=(-1,-1)
PICOUI_BACKEND_IMAGE_SOURCE=logo:img=null,mask=null
[PICOUI_TOUCH][GET] pressed=0 raw=(52,104) out=(-1,-1)
PICOUI_BACKEND_IMAGE_SOURCE=logo:img=null,mask=null
[PICOUI_TOUCH][SDL] type=motion buttons=0x0 pos=(52,103)
[PICOUI_TOUCH][SDL->LD] raw=(52,103) window=(480,320) mapped=(52,103) pressed=0
[PICOUI_TOUCH][SET] pressed=0 point=(52,103)
[PICOUI_TOUCH][GET] pressed=0 raw=(52,103) out=(-1,-1)
PICOUI_BACKEND_IMAGE_SOURCE=logo:img=null,mask=null
[PICOUI_TOUCH][GET] pressed=0 raw=(52,103) out=(-1,-1)
PICOUI_BACKEND_IMAGE_SOURCE=logo:img=null,mask=null
[PICOUI_TOUCH][SDL] type=motion buttons=0x0 pos=(51,103)
[PICOUI_TOUCH][SDL->LD] raw=(51,103) window=(480,320) mapped=(51,103) pressed=0
[PICOUI_TOUCH][SET] pressed=0 point=(51,103)
[PICOUI_TOUCH][GET] pressed=0 raw=(51,103) out=(-1,-1)
PICOUI_BACKEND_IMAGE_SOURCE=logo:img=null,mask=null
[PICOUI_TOUCH][GET] pressed=0 raw=(51,103) out=(-1,-1)
PICOUI_BACKEND_IMAGE_SOURCE=logo:img=null,mask=null
[PICOUI_TOUCH][GET] pressed=0 raw=(51,103) out=(-1,-1)
PICOUI_BACKEND_IMAGE_SOURCE=logo:img=null,mask=null
[PICOUI_TOUCH][SDL] type=motion buttons=0x0 pos=(50,103)
[PICOUI_TOUCH][SDL->LD] raw=(50,103) window=(480,320) mapped=(50,103) pressed=0
[PICOUI_TOUCH][SET] pressed=0 point=(50,103)
[PICOUI_TOUCH][GET] pressed=0 raw=(50,103) out=(-1,-1)
PICOUI_BACKEND_IMAGE_SOURCE=logo:img=null,mask=null
[PICOUI_TOUCH][GET] pressed=0 raw=(50,103) out=(-1,-1)
PICOUI_BACKEND_IMAGE_SOURCE=logo:img=null,mask=null
[PICOUI_TOUCH][GET] pressed=0 raw=(50,103) out=(-1,-1)
PICOUI_BACKEND_IMAGE_SOURCE=logo:img=null,mask=null
[PICOUI_TOUCH][GET] pressed=0 raw=(50,103) out=(-1,-1)
PICOUI_BACKEND_IMAGE_SOURCE=logo:img=null,mask=null
[PICOUI_TOUCH][GET] pressed=0 raw=(50,103) out=(-1,-1)
PICOUI_BACKEND_IMAGE_SOURCE=logo:img=null,mask=null
[PICOUI_TOUCH][GET] pressed=0 raw=(50,103) out=(-1,-1)
PICOUI_BACKEND_IMAGE_SOURCE=logo:img=null,mask=null
[PICOUI_TOUCH][GET] pressed=0 raw=(50,103) out=(-1,-1)
PICOUI_BACKEND_IMAGE_SOURCE=logo:img=null,mask=null
[PICOUI_TOUCH][SDL] type=motion buttons=0x0 pos=(49,103)
[PICOUI_TOUCH][SDL->LD] raw=(49,103) window=(480,320) mapped=(49,103) pressed=0
[PICOUI_TOUCH][SET] pressed=0 point=(49,103)
[PICOUI_TOUCH][GET] pressed=0 raw=(49,103) out=(-1,-1)
PICOUI_BACKEND_IMAGE_SOURCE=logo:img=null,mask=null
[PICOUI_TOUCH][GET] pressed=0 raw=(49,103) out=(-1,-1)
PICOUI_BACKEND_IMAGE_SOURCE=logo:img=null,mask=null
[PICOUI_TOUCH][GET] pressed=0 raw=(49,103) out=(-1,-1)
PICOUI_BACKEND_IMAGE_SOURCE=logo:img=null,mask=null
[PICOUI_TOUCH][GET] pressed=0 raw=(49,103) out=(-1,-1)
PICOUI_BACKEND_IMAGE_SOURCE=logo:img=null,mask=null
[PICOUI_TOUCH][SDL] type=motion buttons=0x0 pos=(48,103)
[PICOUI_TOUCH][SDL->LD] raw=(48,103) window=(480,320) mapped=(48,103) pressed=0
[PICOUI_TOUCH][SET] pressed=0 point=(48,103)
[PICOUI_TOUCH][GET] pressed=0 raw=(48,103) out=(-1,-1)
PICOUI_BACKEND_IMAGE_SOURCE=logo:img=null,mask=null
[PICOUI_TOUCH][GET] pressed=0 raw=(48,103) out=(-1,-1)
PICOUI_BACKEND_IMAGE_SOURCE=logo:img=null,mask=null
[PICOUI_TOUCH][SDL] type=motion buttons=0x0 pos=(47,103)
[PICOUI_TOUCH][SDL->LD] raw=(47,103) window=(480,320) mapped=(47,103) pressed=0
[PICOUI_TOUCH][SET] pressed=0 point=(47,103)
[PICOUI_TOUCH][GET] pressed=0 raw=(47,103) out=(-1,-1)
PICOUI_BACKEND_IMAGE_SOURCE=logo:img=null,mask=null
[PICOUI_TOUCH][SDL] type=motion buttons=0x0 pos=(47,102)
[PICOUI_TOUCH][SDL->LD] raw=(47,102) window=(480,320) mapped=(47,102) pressed=0
[PICOUI_TOUCH][SET] pressed=0 point=(47,102)
[PICOUI_TOUCH][GET] pressed=0 raw=(47,102) out=(-1,-1)
PICOUI_BACKEND_IMAGE_SOURCE=logo:img=null,mask=null
[PICOUI_TOUCH][GET] pressed=0 raw=(47,102) out=(-1,-1)
PICOUI_BACKEND_IMAGE_SOURCE=logo:img=null,mask=null
[PICOUI_TOUCH][GET] pressed=0 raw=(47,102) out=(-1,-1)
PICOUI_BACKEND_IMAGE_SOURCE=logo:img=null,mask=null
[PICOUI_TOUCH][GET] pressed=0 raw=(47,102) out=(-1,-1)
PICOUI_BACKEND_IMAGE_SOURCE=logo:img=null,mask=null
[PICOUI_TOUCH][GET] pressed=0 raw=(47,102) out=(-1,-1)
PICOUI_BACKEND_IMAGE_SOURCE=logo:img=null,mask=null
[PICOUI_TOUCH][SDL] type=motion buttons=0x0 pos=(46,102)
[PICOUI_TOUCH][SDL->LD] raw=(46,102) window=(480,320) mapped=(46,102) pressed=0
[PICOUI_TOUCH][SET] pressed=0 point=(46,102)
[PICOUI_TOUCH][GET] pressed=0 raw=(46,102) out=(-1,-1)
PICOUI_BACKEND_IMAGE_SOURCE=logo:img=null,mask=null
[PICOUI_TOUCH][GET] pressed=0 raw=(46,102) out=(-1,-1)
PICOUI_BACKEND_IMAGE_SOURCE=logo:img=null,mask=null
[PICOUI_TOUCH][GET] pressed=0 raw=(46,102) out=(-1,-1)
PICOUI_BACKEND_IMAGE_SOURCE=logo:img=null,mask=null
[PICOUI_TOUCH][SDL] type=motion buttons=0x0 pos=(45,102)
[PICOUI_TOUCH][SDL->LD] raw=(45,102) window=(480,320) mapped=(45,102) pressed=0
[PICOUI_TOUCH][SET] pressed=0 point=(45,102)
[PICOUI_TOUCH][GET] pressed=0 raw=(45,102) out=(-1,-1)
PICOUI_BACKEND_IMAGE_SOURCE=logo:img=null,mask=null
[PICOUI_TOUCH][GET] pressed=0 raw=(45,102) out=(-1,-1)
PICOUI_BACKEND_IMAGE_SOURCE=logo:img=null,mask=null
[PICOUI_TOUCH][GET] pressed=0 raw=(45,102) out=(-1,-1)
PICOUI_BACKEND_IMAGE_SOURCE=logo:img=null,mask=null
[PICOUI_TOUCH][SDL] type=motion buttons=0x0 pos=(44,102)
[PICOUI_TOUCH][SDL->LD] raw=(44,102) window=(480,320) mapped=(44,102) pressed=0
[PICOUI_TOUCH][SET] pressed=0 point=(44,102)
[PICOUI_TOUCH][GET] pressed=0 raw=(44,102) out=(-1,-1)
PICOUI_BACKEND_IMAGE_SOURCE=logo:img=null,mask=null
[PICOUI_TOUCH][GET] pressed=0 raw=(44,102) out=(-1,-1)
PICOUI_BACKEND_IMAGE_SOURCE=logo:img=null,mask=null
[PICOUI_TOUCH][GET] pressed=0 raw=(44,102) out=(-1,-1)
PICOUI_BACKEND_IMAGE_SOURCE=logo:img=null,mask=null
[PICOUI_TOUCH][GET] pressed=0 raw=(44,102) out=(-1,-1)
PICOUI_BACKEND_IMAGE_SOURCE=logo:img=null,mask=null
[PICOUI_TOUCH][SDL] type=down button=1 pos=(44,102)
[PICOUI_TOUCH][SDL->LD] raw=(44,102) window=(480,320) mapped=(44,102) pressed=1
[PICOUI_TOUCH][SET] pressed=1 point=(44,102)
[PICOUI_TOUCH][GET] pressed=1 raw=(44,102) out=(44,102)
[PICOUI_TOUCH][HIT] signal=press widget=3 point=(44,102)
[PICOUI_TOUCH][SLIDER] widget=3 local=(39,12) permille=185 signal=1
PICOUI_BACKEND_IMAGE_SOURCE=logo:img=null,mask=null
[PICOUI_TOUCH][GET] pressed=1 raw=(44,102) out=(44,102)
PICOUI_BACKEND_IMAGE_SOURCE=logo:img=null,mask=null
[PICOUI_TOUCH][GET] pressed=1 raw=(44,102) out=(44,102)
PICOUI_BACKEND_IMAGE_SOURCE=logo:img=null,mask=null
[PICOUI_TOUCH][GET] pressed=1 raw=(44,102) out=(44,102)
PICOUI_BACKEND_IMAGE_SOURCE=logo:img=null,mask=null
[PICOUI_TOUCH][GET] pressed=1 raw=(44,102) out=(44,102)
PICOUI_BACKEND_IMAGE_SOURCE=logo:img=null,mask=null
[PICOUI_TOUCH][GET] pressed=1 raw=(44,102) out=(44,102)
PICOUI_BACKEND_IMAGE_SOURCE=logo:img=null,mask=null
[PICOUI_TOUCH][SDL] type=motion buttons=0x1 pos=(47,102)
[PICOUI_TOUCH][SDL->LD] raw=(47,102) window=(480,320) mapped=(47,102) pressed=1
[PICOUI_TOUCH][SET] pressed=1 point=(47,102)
[PICOUI_TOUCH][GET] pressed=1 raw=(47,102) out=(47,102)
[PICOUI_TOUCH][HIT] signal=hold widget=3 point=(47,102) press=(44,102)
[PICOUI_TOUCH][SLIDER] widget=3 local=(42,12) permille=200 signal=2
PICOUI_BACKEND_IMAGE_SOURCE=logo:img=null,mask=null
[PICOUI_TOUCH][SDL] type=motion buttons=0x1 pos=(52,102)
[PICOUI_TOUCH][SDL->LD] raw=(52,102) window=(480,320) mapped=(52,102) pressed=1
[PICOUI_TOUCH][SET] pressed=1 point=(52,102)
[PICOUI_TOUCH][GET] pressed=1 raw=(52,102) out=(52,102)
[PICOUI_TOUCH][HIT] signal=hold widget=3 point=(52,102) press=(44,102)
[PICOUI_TOUCH][SLIDER] widget=3 local=(47,12) permille=223 signal=2
PICOUI_BACKEND_IMAGE_SOURCE=logo:img=null,mask=null
[PICOUI_TOUCH][SDL] type=motion buttons=0x1 pos=(64,102)
[PICOUI_TOUCH][SDL->LD] raw=(64,102) window=(480,320) mapped=(64,102) pressed=1
[PICOUI_TOUCH][SET] pressed=1 point=(64,102)
[PICOUI_TOUCH][GET] pressed=1 raw=(64,102) out=(64,102)
[PICOUI_TOUCH][HIT] signal=hold widget=3 point=(64,102) press=(44,102)
[PICOUI_TOUCH][SLIDER] widget=3 local=(59,12) permille=280 signal=2
PICOUI_BACKEND_IMAGE_SOURCE=logo:img=null,mask=null
[PICOUI_TOUCH][SDL] type=motion buttons=0x1 pos=(74,102)
[PICOUI_TOUCH][SDL->LD] raw=(74,102) window=(480,320) mapped=(74,102) pressed=1
[PICOUI_TOUCH][SET] pressed=1 point=(74,102)
[PICOUI_TOUCH][GET] pressed=1 raw=(74,102) out=(74,102)
[PICOUI_TOUCH][HIT] signal=hold widget=3 point=(74,102) press=(44,102)
[PICOUI_TOUCH][SLIDER] widget=3 local=(69,12) permille=328 signal=2
PICOUI_BACKEND_IMAGE_SOURCE=logo:img=null,mask=null
[PICOUI_TOUCH][SDL] type=motion buttons=0x1 pos=(85,103)
[PICOUI_TOUCH][SDL->LD] raw=(85,103) window=(480,320) mapped=(85,103) pressed=1
[PICOUI_TOUCH][SET] pressed=1 point=(85,103)
[PICOUI_TOUCH][GET] pressed=1 raw=(85,103) out=(85,103)
[PICOUI_TOUCH][HIT] signal=hold widget=3 point=(85,103) press=(44,102)
[PICOUI_TOUCH][SLIDER] widget=3 local=(80,13) permille=380 signal=2
PICOUI_BACKEND_IMAGE_SOURCE=logo:img=null,mask=null
[PICOUI_TOUCH][SDL] type=motion buttons=0x1 pos=(94,104)
[PICOUI_TOUCH][SDL->LD] raw=(94,104) window=(480,320) mapped=(94,104) pressed=1
[PICOUI_TOUCH][SET] pressed=1 point=(94,104)
[PICOUI_TOUCH][GET] pressed=1 raw=(94,104) out=(94,104)
[PICOUI_TOUCH][HIT] signal=hold widget=3 point=(94,104) press=(44,102)
[PICOUI_TOUCH][SLIDER] widget=3 local=(89,14) permille=423 signal=2
PICOUI_BACKEND_IMAGE_SOURCE=logo:img=null,mask=null
[PICOUI_TOUCH][SDL] type=motion buttons=0x1 pos=(98,105)
[PICOUI_TOUCH][SDL->LD] raw=(98,105) window=(480,320) mapped=(98,105) pressed=1
[PICOUI_TOUCH][SET] pressed=1 point=(98,105)
[PICOUI_TOUCH][GET] pressed=1 raw=(98,105) out=(98,105)
[PICOUI_TOUCH][HIT] signal=hold widget=3 point=(98,105) press=(44,102)
[PICOUI_TOUCH][SLIDER] widget=3 local=(93,15) permille=442 signal=2
PICOUI_BACKEND_IMAGE_SOURCE=logo:img=null,mask=null
[PICOUI_TOUCH][GET] pressed=1 raw=(98,105) out=(98,105)
PICOUI_BACKEND_IMAGE_SOURCE=logo:img=null,mask=null
[PICOUI_TOUCH][SDL] type=motion buttons=0x1 pos=(99,105)
[PICOUI_TOUCH][SDL->LD] raw=(99,105) window=(480,320) mapped=(99,105) pressed=1
[PICOUI_TOUCH][SET] pressed=1 point=(99,105)
[PICOUI_TOUCH][GET] pressed=1 raw=(99,105) out=(99,105)
[PICOUI_TOUCH][HIT] signal=hold widget=3 point=(99,105) press=(44,102)
[PICOUI_TOUCH][SLIDER] widget=3 local=(94,15) permille=447 signal=2
PICOUI_BACKEND_IMAGE_SOURCE=logo:img=null,mask=null
[PICOUI_TOUCH][GET] pressed=1 raw=(99,105) out=(99,105)
PICOUI_BACKEND_IMAGE_SOURCE=logo:img=null,mask=null
[PICOUI_TOUCH][GET] pressed=1 raw=(99,105) out=(99,105)
PICOUI_BACKEND_IMAGE_SOURCE=logo:img=null,mask=null
[PICOUI_TOUCH][GET] pressed=1 raw=(99,105) out=(99,105)
PICOUI_BACKEND_IMAGE_SOURCE=logo:img=null,mask=null
[PICOUI_TOUCH][GET] pressed=1 raw=(99,105) out=(99,105)
PICOUI_BACKEND_IMAGE_SOURCE=logo:img=null,mask=null
[PICOUI_TOUCH][GET] pressed=1 raw=(99,105) out=(99,105)
PICOUI_BACKEND_IMAGE_SOURCE=logo:img=null,mask=null
[PICOUI_TOUCH][GET] pressed=1 raw=(99,105) out=(99,105)
PICOUI_BACKEND_IMAGE_SOURCE=logo:img=null,mask=null
[PICOUI_TOUCH][GET] pressed=1 raw=(99,105) out=(99,105)
PICOUI_BACKEND_IMAGE_SOURCE=logo:img=null,mask=null
[PICOUI_TOUCH][GET] pressed=1 raw=(99,105) out=(99,105)
PICOUI_BACKEND_IMAGE_SOURCE=logo:img=null,mask=null
[PICOUI_TOUCH][GET] pressed=1 raw=(99,105) out=(99,105)
PICOUI_BACKEND_IMAGE_SOURCE=logo:img=null,mask=null
[PICOUI_TOUCH][SDL] type=motion buttons=0x1 pos=(100,105)
[PICOUI_TOUCH][SDL->LD] raw=(100,105) window=(480,320) mapped=(100,105) pressed=1
[PICOUI_TOUCH][SET] pressed=1 point=(100,105)
[PICOUI_TOUCH][GET] pressed=1 raw=(100,105) out=(100,105)
[PICOUI_TOUCH][HIT] signal=hold widget=3 point=(100,105) press=(44,102)
[PICOUI_TOUCH][SLIDER] widget=3 local=(95,15) permille=452 signal=2
PICOUI_BACKEND_IMAGE_SOURCE=logo:img=null,mask=null
[PICOUI_TOUCH][SDL] type=motion buttons=0x1 pos=(102,106)
[PICOUI_TOUCH][SDL->LD] raw=(102,106) window=(480,320) mapped=(102,106) pressed=1
[PICOUI_TOUCH][SET] pressed=1 point=(102,106)
[PICOUI_TOUCH][GET] pressed=1 raw=(102,106) out=(102,106)
[PICOUI_TOUCH][HIT] signal=hold widget=3 point=(102,106) press=(44,102)
[PICOUI_TOUCH][SLIDER] widget=3 local=(97,16) permille=461 signal=2
PICOUI_BACKEND_IMAGE_SOURCE=logo:img=null,mask=null
[PICOUI_TOUCH][SDL] type=motion buttons=0x1 pos=(137,107)
[PICOUI_TOUCH][SDL->LD] raw=(137,107) window=(480,320) mapped=(137,107) pressed=1
[PICOUI_TOUCH][SET] pressed=1 point=(137,107)
[PICOUI_TOUCH][GET] pressed=1 raw=(137,107) out=(137,107)
[PICOUI_TOUCH][HIT] signal=hold widget=3 point=(137,107) press=(44,102)
[PICOUI_TOUCH][SLIDER] widget=3 local=(132,17) permille=628 signal=2
PICOUI_BACKEND_IMAGE_SOURCE=logo:img=null,mask=null
[PICOUI_TOUCH][SDL] type=motion buttons=0x1 pos=(149,108)
[PICOUI_TOUCH][SDL->LD] raw=(149,108) window=(480,320) mapped=(149,108) pressed=1
[PICOUI_TOUCH][SET] pressed=1 point=(149,108)
[PICOUI_TOUCH][GET] pressed=1 raw=(149,108) out=(149,108)
[PICOUI_TOUCH][HIT] signal=hold widget=3 point=(149,108) press=(44,102)
[PICOUI_TOUCH][SLIDER] widget=3 local=(144,18) permille=685 signal=2
PICOUI_BACKEND_IMAGE_SOURCE=logo:img=null,mask=null
[PICOUI_TOUCH][SDL] type=motion buttons=0x1 pos=(165,108)
[PICOUI_TOUCH][SDL->LD] raw=(165,108) window=(480,320) mapped=(165,108) pressed=1
[PICOUI_TOUCH][SET] pressed=1 point=(165,108)
[PICOUI_TOUCH][GET] pressed=1 raw=(165,108) out=(165,108)
[PICOUI_TOUCH][HIT] signal=hold widget=3 point=(165,108) press=(44,102)
[PICOUI_TOUCH][SLIDER] widget=3 local=(160,18) permille=761 signal=2
PICOUI_BACKEND_IMAGE_SOURCE=logo:img=null,mask=null
[PICOUI_TOUCH][SDL] type=motion buttons=0x1 pos=(177,108)
[PICOUI_TOUCH][SDL->LD] raw=(177,108) window=(480,320) mapped=(177,108) pressed=1
[PICOUI_TOUCH][SET] pressed=1 point=(177,108)
[PICOUI_TOUCH][GET] pressed=1 raw=(177,108) out=(177,108)
[PICOUI_TOUCH][HIT] signal=hold widget=3 point=(177,108) press=(44,102)
[PICOUI_TOUCH][SLIDER] widget=3 local=(172,18) permille=819 signal=2
PICOUI_BACKEND_IMAGE_SOURCE=logo:img=null,mask=null
[PICOUI_TOUCH][SDL] type=motion buttons=0x1 pos=(193,108)
[PICOUI_TOUCH][SDL->LD] raw=(193,108) window=(480,320) mapped=(193,108) pressed=1
[PICOUI_TOUCH][SET] pressed=1 point=(193,108)
[PICOUI_TOUCH][GET] pressed=1 raw=(193,108) out=(193,108)
[PICOUI_TOUCH][HIT] signal=hold widget=3 point=(193,108) press=(44,102)
[PICOUI_TOUCH][SLIDER] widget=3 local=(188,18) permille=895 signal=2
PICOUI_BACKEND_IMAGE_SOURCE=logo:img=null,mask=null
[PICOUI_TOUCH][SDL] type=motion buttons=0x1 pos=(214,108)
[PICOUI_TOUCH][SDL->LD] raw=(214,108) window=(480,320) mapped=(214,108) pressed=1
[PICOUI_TOUCH][SET] pressed=1 point=(214,108)
[PICOUI_TOUCH][GET] pressed=1 raw=(214,108) out=(214,108)
[PICOUI_TOUCH][HIT] signal=hold widget=3 point=(214,108) press=(44,102)
[PICOUI_TOUCH][SLIDER] widget=3 local=(209,18) permille=995 signal=2
PICOUI_BACKEND_IMAGE_SOURCE=logo:img=null,mask=null
[PICOUI_TOUCH][SDL] type=motion buttons=0x1 pos=(224,108)
[PICOUI_TOUCH][SDL->LD] raw=(224,108) window=(480,320) mapped=(224,108) pressed=1
[PICOUI_TOUCH][SET] pressed=1 point=(224,108)
[PICOUI_TOUCH][GET] pressed=1 raw=(224,108) out=(224,108)
[PICOUI_TOUCH][HIT] signal=hold widget=3 point=(224,108) press=(44,102)
[PICOUI_TOUCH][SLIDER] widget=3 local=(210,18) permille=1000 signal=2
PICOUI_BACKEND_IMAGE_SOURCE=logo:img=null,mask=null
[PICOUI_TOUCH][SDL] type=motion buttons=0x1 pos=(228,108)
[PICOUI_TOUCH][SDL->LD] raw=(228,108) window=(480,320) mapped=(228,108) pressed=1
[PICOUI_TOUCH][SET] pressed=1 point=(228,108)
[PICOUI_TOUCH][GET] pressed=1 raw=(228,108) out=(228,108)
[PICOUI_TOUCH][HIT] signal=hold widget=3 point=(228,108) press=(44,102)
[PICOUI_TOUCH][SLIDER] widget=3 local=(210,18) permille=1000 signal=2
PICOUI_BACKEND_IMAGE_SOURCE=logo:img=null,mask=null
[PICOUI_TOUCH][SDL] type=motion buttons=0x1 pos=(230,108)
[PICOUI_TOUCH][SDL->LD] raw=(230,108) window=(480,320) mapped=(230,108) pressed=1
[PICOUI_TOUCH][SET] pressed=1 point=(230,108)
[PICOUI_TOUCH][GET] pressed=1 raw=(230,108) out=(230,108)
[PICOUI_TOUCH][HIT] signal=hold widget=3 point=(230,108) press=(44,102)
[PICOUI_TOUCH][SLIDER] widget=3 local=(210,18) permille=1000 signal=2
PICOUI_BACKEND_IMAGE_SOURCE=logo:img=null,mask=null
[PICOUI_TOUCH][SDL] type=motion buttons=0x1 pos=(231,108)
[PICOUI_TOUCH][SDL->LD] raw=(231,108) window=(480,320) mapped=(231,108) pressed=1
[PICOUI_TOUCH][SET] pressed=1 point=(231,108)
[PICOUI_TOUCH][GET] pressed=1 raw=(231,108) out=(231,108)
[PICOUI_TOUCH][HIT] signal=hold widget=3 point=(231,108) press=(44,102)
[PICOUI_TOUCH][SLIDER] widget=3 local=(210,18) permille=1000 signal=2
PICOUI_BACKEND_IMAGE_SOURCE=logo:img=null,mask=null
[PICOUI_TOUCH][GET] pressed=1 raw=(231,108) out=(231,108)
PICOUI_BACKEND_IMAGE_SOURCE=logo:img=null,mask=null
[PICOUI_TOUCH][SDL] type=motion buttons=0x1 pos=(232,108)
[PICOUI_TOUCH][SDL->LD] raw=(232,108) window=(480,320) mapped=(232,108) pressed=1
[PICOUI_TOUCH][SET] pressed=1 point=(232,108)
[PICOUI_TOUCH][GET] pressed=1 raw=(232,108) out=(232,108)
[PICOUI_TOUCH][HIT] signal=hold widget=3 point=(232,108) press=(44,102)
[PICOUI_TOUCH][SLIDER] widget=3 local=(210,18) permille=1000 signal=2
PICOUI_BACKEND_IMAGE_SOURCE=logo:img=null,mask=null
[PICOUI_TOUCH][GET] pressed=1 raw=(232,108) out=(232,108)
PICOUI_BACKEND_IMAGE_SOURCE=logo:img=null,mask=null
[PICOUI_TOUCH][GET] pressed=1 raw=(232,108) out=(232,108)
PICOUI_BACKEND_IMAGE_SOURCE=logo:img=null,mask=null
[PICOUI_TOUCH][GET] pressed=1 raw=(232,108) out=(232,108)
PICOUI_BACKEND_IMAGE_SOURCE=logo:img=null,mask=null
[PICOUI_TOUCH][GET] pressed=1 raw=(232,108) out=(232,108)
PICOUI_BACKEND_IMAGE_SOURCE=logo:img=null,mask=null
[PICOUI_TOUCH][GET] pressed=1 raw=(232,108) out=(232,108)
PICOUI_BACKEND_IMAGE_SOURCE=logo:img=null,mask=null
[PICOUI_TOUCH][GET] pressed=1 raw=(232,108) out=(232,108)
PICOUI_BACKEND_IMAGE_SOURCE=logo:img=null,mask=null
[PICOUI_TOUCH][GET] pressed=1 raw=(232,108) out=(232,108)
PICOUI_BACKEND_IMAGE_SOURCE=logo:img=null,mask=null
[PICOUI_TOUCH][GET] pressed=1 raw=(232,108) out=(232,108)
PICOUI_BACKEND_IMAGE_SOURCE=logo:img=null,mask=null
[PICOUI_TOUCH][GET] pressed=1 raw=(232,108) out=(232,108)
PICOUI_BACKEND_IMAGE_SOURCE=logo:img=null,mask=null
[PICOUI_TOUCH][GET] pressed=1 raw=(232,108) out=(232,108)
PICOUI_BACKEND_IMAGE_SOURCE=logo:img=null,mask=null
[PICOUI_TOUCH][GET] pressed=1 raw=(232,108) out=(232,108)
PICOUI_BACKEND_IMAGE_SOURCE=logo:img=null,mask=null
[PICOUI_TOUCH][GET] pressed=1 raw=(232,108) out=(232,108)
PICOUI_BACKEND_IMAGE_SOURCE=logo:img=null,mask=null
[PICOUI_TOUCH][GET] pressed=1 raw=(232,108) out=(232,108)
PICOUI_BACKEND_IMAGE_SOURCE=logo:img=null,mask=null
[PICOUI_TOUCH][GET] pressed=1 raw=(232,108) out=(232,108)
PICOUI_BACKEND_IMAGE_SOURCE=logo:img=null,mask=null
[PICOUI_TOUCH][GET] pressed=1 raw=(232,108) out=(232,108)
PICOUI_BACKEND_IMAGE_SOURCE=logo:img=null,mask=null
[PICOUI_TOUCH][GET] pressed=1 raw=(232,108) out=(232,108)
PICOUI_BACKEND_IMAGE_SOURCE=logo:img=null,mask=null
[PICOUI_TOUCH][SDL] type=motion buttons=0x1 pos=(223,108)
[PICOUI_TOUCH][SDL->LD] raw=(223,108) window=(480,320) mapped=(223,108) pressed=1
[PICOUI_TOUCH][SET] pressed=1 point=(223,108)
[PICOUI_TOUCH][GET] pressed=1 raw=(223,108) out=(223,108)
[PICOUI_TOUCH][HIT] signal=hold widget=3 point=(223,108) press=(44,102)
[PICOUI_TOUCH][SLIDER] widget=3 local=(210,18) permille=1000 signal=2
PICOUI_BACKEND_IMAGE_SOURCE=logo:img=null,mask=null
[PICOUI_TOUCH][SDL] type=motion buttons=0x1 pos=(202,108)
[PICOUI_TOUCH][SDL->LD] raw=(202,108) window=(480,320) mapped=(202,108) pressed=1
[PICOUI_TOUCH][SET] pressed=1 point=(202,108)
[PICOUI_TOUCH][GET] pressed=1 raw=(202,108) out=(202,108)
[PICOUI_TOUCH][HIT] signal=hold widget=3 point=(202,108) press=(44,102)
[PICOUI_TOUCH][SLIDER] widget=3 local=(197,18) permille=938 signal=2
PICOUI_BACKEND_IMAGE_SOURCE=logo:img=null,mask=null
[PICOUI_TOUCH][SDL] type=motion buttons=0x1 pos=(166,108)
[PICOUI_TOUCH][SDL->LD] raw=(166,108) window=(480,320) mapped=(166,108) pressed=1
[PICOUI_TOUCH][SET] pressed=1 point=(166,108)
[PICOUI_TOUCH][GET] pressed=1 raw=(166,108) out=(166,108)
[PICOUI_TOUCH][HIT] signal=hold widget=3 point=(166,108) press=(44,102)
[PICOUI_TOUCH][SLIDER] widget=3 local=(161,18) permille=766 signal=2
PICOUI_BACKEND_IMAGE_SOURCE=logo:img=null,mask=null
[PICOUI_TOUCH][SDL] type=motion buttons=0x1 pos=(122,110)
[PICOUI_TOUCH][SDL->LD] raw=(122,110) window=(480,320) mapped=(122,110) pressed=1
[PICOUI_TOUCH][SET] pressed=1 point=(122,110)
[PICOUI_TOUCH][SDL] type=motion buttons=0x1 pos=(103,110)
[PICOUI_TOUCH][SDL->LD] raw=(103,110) window=(480,320) mapped=(103,110) pressed=1
[PICOUI_TOUCH][SET] pressed=1 point=(103,110)
[PICOUI_TOUCH][GET] pressed=1 raw=(103,110) out=(103,110)
[PICOUI_TOUCH][HIT] signal=hold widget=3 point=(103,110) press=(44,102)
[PICOUI_TOUCH][SLIDER] widget=3 local=(98,20) permille=466 signal=2
PICOUI_BACKEND_IMAGE_SOURCE=logo:img=null,mask=null
[PICOUI_TOUCH][SDL] type=motion buttons=0x1 pos=(68,111)
[PICOUI_TOUCH][SDL->LD] raw=(68,111) window=(480,320) mapped=(68,111) pressed=1
[PICOUI_TOUCH][SET] pressed=1 point=(68,111)
[PICOUI_TOUCH][GET] pressed=1 raw=(68,111) out=(68,111)
[PICOUI_TOUCH][HIT] signal=hold widget=3 point=(68,111) press=(44,102)
[PICOUI_TOUCH][SLIDER] widget=3 local=(63,21) permille=300 signal=2
PICOUI_BACKEND_IMAGE_SOURCE=logo:img=null,mask=null
[PICOUI_TOUCH][SDL] type=motion buttons=0x1 pos=(39,112)
[PICOUI_TOUCH][SDL->LD] raw=(39,112) window=(480,320) mapped=(39,112) pressed=1
[PICOUI_TOUCH][SET] pressed=1 point=(39,112)
[PICOUI_TOUCH][GET] pressed=1 raw=(39,112) out=(39,112)
[PICOUI_TOUCH][HIT] signal=hold widget=3 point=(39,112) press=(44,102)
[PICOUI_TOUCH][SLIDER] widget=3 local=(34,22) permille=161 signal=2
PICOUI_BACKEND_IMAGE_SOURCE=logo:img=null,mask=null
[PICOUI_TOUCH][SDL] type=motion buttons=0x1 pos=(11,112)
[PICOUI_TOUCH][SDL->LD] raw=(11,112) window=(480,320) mapped=(11,112) pressed=1
[PICOUI_TOUCH][SET] pressed=1 point=(11,112)
[PICOUI_TOUCH][GET] pressed=1 raw=(11,112) out=(11,112)
[PICOUI_TOUCH][HIT] signal=hold widget=3 point=(11,112) press=(44,102)
[PICOUI_TOUCH][SLIDER] widget=3 local=(6,22) permille=28 signal=2
PICOUI_BACKEND_IMAGE_SOURCE=logo:img=null,mask=null
[PICOUI_TOUCH][SDL] type=motion buttons=0x1 pos=(3,112)
[PICOUI_TOUCH][SDL->LD] raw=(3,112) window=(480,320) mapped=(3,112) pressed=1
[PICOUI_TOUCH][SET] pressed=1 point=(3,112)
[PICOUI_TOUCH][GET] pressed=1 raw=(3,112) out=(3,112)
[PICOUI_TOUCH][HIT] signal=hold widget=3 point=(3,112) press=(44,102)
[PICOUI_TOUCH][SLIDER] widget=3 local=(0,22) permille=0 signal=2
PICOUI_BACKEND_IMAGE_SOURCE=logo:img=null,mask=null
[PICOUI_TOUCH][SDL] type=motion buttons=0x1 pos=(2,112)
[PICOUI_TOUCH][SDL->LD] raw=(2,112) window=(480,320) mapped=(2,112) pressed=1
[PICOUI_TOUCH][SET] pressed=1 point=(2,112)
[PICOUI_TOUCH][GET] pressed=1 raw=(2,112) out=(2,112)
[PICOUI_TOUCH][HIT] signal=hold widget=3 point=(2,112) press=(44,102)
[PICOUI_TOUCH][SLIDER] widget=3 local=(0,22) permille=0 signal=2
PICOUI_BACKEND_IMAGE_SOURCE=logo:img=null,mask=null
[PICOUI_TOUCH][GET] pressed=1 raw=(2,112) out=(2,112)
PICOUI_BACKEND_IMAGE_SOURCE=logo:img=null,mask=null
[PICOUI_TOUCH][GET] pressed=1 raw=(2,112) out=(2,112)
PICOUI_BACKEND_IMAGE_SOURCE=logo:img=null,mask=null
[PICOUI_TOUCH][GET] pressed=1 raw=(2,112) out=(2,112)
PICOUI_BACKEND_IMAGE_SOURCE=logo:img=null,mask=null
[PICOUI_TOUCH][GET] pressed=1 raw=(2,112) out=(2,112)
PICOUI_BACKEND_IMAGE_SOURCE=logo:img=null,mask=null
[PICOUI_TOUCH][GET] pressed=1 raw=(2,112) out=(2,112)
PICOUI_BACKEND_IMAGE_SOURCE=logo:img=null,mask=null
[PICOUI_TOUCH][GET] pressed=1 raw=(2,112) out=(2,112)
PICOUI_BACKEND_IMAGE_SOURCE=logo:img=null,mask=null
[PICOUI_TOUCH][GET] pressed=1 raw=(2,112) out=(2,112)
PICOUI_BACKEND_IMAGE_SOURCE=logo:img=null,mask=null
[PICOUI_TOUCH][GET] pressed=1 raw=(2,112) out=(2,112)
PICOUI_BACKEND_IMAGE_SOURCE=logo:img=null,mask=null
[PICOUI_TOUCH][GET] pressed=1 raw=(2,112) out=(2,112)
PICOUI_BACKEND_IMAGE_SOURCE=logo:img=null,mask=null
[PICOUI_TOUCH][GET] pressed=1 raw=(2,112) out=(2,112)
PICOUI_BACKEND_IMAGE_SOURCE=logo:img=null,mask=null
[PICOUI_TOUCH][SDL] type=up button=1 pos=(2,112)
[PICOUI_TOUCH][SDL->LD] raw=(2,112) window=(480,320) mapped=(2,112) pressed=0
[PICOUI_TOUCH][SET] pressed=0 point=(2,112)
[PICOUI_TOUCH][GET] pressed=0 raw=(2,112) out=(-1,-1)
[PICOUI_TOUCH][HIT] signal=release widget=3 point=(2,112)
PICOUI_BACKEND_IMAGE_SOURCE=logo:img=null,mask=null
[PICOUI_TOUCH][GET] pressed=0 raw=(2,112) out=(-1,-1)
PICOUI_BACKEND_IMAGE_SOURCE=logo:img=null,mask=null
[PICOUI_TOUCH][SDL] type=motion buttons=0x0 pos=(4,106)
[PICOUI_TOUCH][SDL->LD] raw=(4,106) window=(480,320) mapped=(4,106) pressed=0
[PICOUI_TOUCH][SET] pressed=0 point=(4,106)
[PICOUI_TOUCH][GET] pressed=0 raw=(4,106) out=(-1,-1)
PICOUI_BACKEND_IMAGE_SOURCE=logo:img=null,mask=null
[PICOUI_TOUCH][SDL] type=motion buttons=0x0 pos=(11,93)
[PICOUI_TOUCH][SDL->LD] raw=(11,93) window=(480,320) mapped=(11,93) pressed=0
[PICOUI_TOUCH][SET] pressed=0 point=(11,93)
[PICOUI_TOUCH][GET] pressed=0 raw=(11,93) out=(-1,-1)
PICOUI_BACKEND_IMAGE_SOURCE=logo:img=null,mask=null
[PICOUI_TOUCH][SDL] type=motion buttons=0x0 pos=(35,63)
[PICOUI_TOUCH][SDL->LD] raw=(35,63) window=(480,320) mapped=(35,63) pressed=0
[PICOUI_TOUCH][SET] pressed=0 point=(35,63)
[PICOUI_TOUCH][GET] pressed=0 raw=(35,63) out=(-1,-1)
PICOUI_BACKEND_IMAGE_SOURCE=logo:img=null,mask=null
[PICOUI_TOUCH][SDL] type=motion buttons=0x0 pos=(59,41)
[PICOUI_TOUCH][SDL->LD] raw=(59,41) window=(480,320) mapped=(59,41) pressed=0
[PICOUI_TOUCH][SET] pressed=0 point=(59,41)
[PICOUI_TOUCH][GET] pressed=0 raw=(59,41) out=(-1,-1)
PICOUI_BACKEND_IMAGE_SOURCE=logo:img=null,mask=null
[PICOUI_TOUCH][SDL] type=motion buttons=0x0 pos=(80,23)
[PICOUI_TOUCH][SDL->LD] raw=(80,23) window=(480,320) mapped=(80,23) pressed=0
[PICOUI_TOUCH][SET] pressed=0 point=(80,23)
[PICOUI_TOUCH][GET] pressed=0 raw=(80,23) out=(-1,-1)
PICOUI_BACKEND_IMAGE_SOURCE=logo:img=null,mask=null
[PICOUI_TOUCH][SDL] type=motion buttons=0x0 pos=(91,13)
[PICOUI_TOUCH][SDL->LD] raw=(91,13) window=(480,320) mapped=(91,13) pressed=0
[PICOUI_TOUCH][SET] pressed=0 point=(91,13)
[PICOUI_TOUCH][GET] pressed=0 raw=(91,13) out=(-1,-1)
PICOUI_BACKEND_IMAGE_SOURCE=logo:img=null,mask=null
[PICOUI_TOUCH][SDL] type=motion buttons=0x0 pos=(91,12)
[PICOUI_TOUCH][SDL->LD] raw=(91,12) window=(480,320) mapped=(91,12) pressed=0
[PICOUI_TOUCH][SET] pressed=0 point=(91,12)
[PICOUI_TOUCH][GET] pressed=0 raw=(91,12) out=(-1,-1)
PICOUI_BACKEND_IMAGE_SOURCE=logo:img=null,mask=null
[PICOUI_TOUCH][GET] pressed=0 raw=(91,12) out=(-1,-1)
PICOUI_BACKEND_IMAGE_SOURCE=logo:img=null,mask=null
[PICOUI_TOUCH][GET] pressed=0 raw=(91,12) out=(-1,-1)
PICOUI_BACKEND_IMAGE_SOURCE=logo:img=null,mask=null
[PICOUI_TOUCH][SDL] type=down button=1 pos=(91,12)
[PICOUI_TOUCH][SDL->LD] raw=(91,12) window=(480,320) mapped=(91,12) pressed=1
[PICOUI_TOUCH][SET] pressed=1 point=(91,12)
[PICOUI_TOUCH][GET] pressed=1 raw=(91,12) out=(91,12)
[PICOUI_TOUCH][HIT] signal=press widget=1 point=(91,12)
PICOUI_BACKEND_IMAGE_SOURCE=logo:img=null,mask=null
[PICOUI_TOUCH][GET] pressed=1 raw=(91,12) out=(91,12)
PICOUI_BACKEND_IMAGE_SOURCE=logo:img=null,mask=null
[PICOUI_TOUCH][GET] pressed=1 raw=(91,12) out=(91,12)
PICOUI_BACKEND_IMAGE_SOURCE=logo:img=null,mask=null
[PICOUI_TOUCH][GET] pressed=1 raw=(91,12) out=(91,12)
PICOUI_BACKEND_IMAGE_SOURCE=logo:img=null,mask=null
[PICOUI_TOUCH][GET] pressed=1 raw=(91,12) out=(91,12)
PICOUI_BACKEND_IMAGE_SOURCE=logo:img=null,mask=null
[PICOUI_TOUCH][GET] pressed=1 raw=(91,12) out=(91,12)
PICOUI_BACKEND_IMAGE_SOURCE=logo:img=null,mask=null
[PICOUI_TOUCH][SDL] type=up button=1 pos=(91,12)
[PICOUI_TOUCH][SDL->LD] raw=(91,12) window=(480,320) mapped=(91,12) pressed=0
[PICOUI_TOUCH][SET] pressed=0 point=(91,12)
[PICOUI_TOUCH][GET] pressed=0 raw=(91,12) out=(-1,-1)
[PICOUI_TOUCH][HIT] signal=release widget=1 point=(91,12)
PICOUI_BACKEND_IMAGE_SOURCE=logo:img=null,mask=null
[PICOUI_TOUCH][GET] pressed=0 raw=(91,12) out=(-1,-1)
PICOUI_BACKEND_IMAGE_SOURCE=logo:img=null,mask=null
[PICOUI_TOUCH][GET] pressed=0 raw=(91,12) out=(-1,-1)
PICOUI_BACKEND_IMAGE_SOURCE=logo:img=null,mask=null
[PICOUI_TOUCH][GET] pressed=0 raw=(91,12) out=(-1,-1)
PICOUI_BACKEND_IMAGE_SOURCE=logo:img=null,mask=null
[PICOUI_TOUCH][GET] pressed=0 raw=(91,12) out=(-1,-1)
PICOUI_BACKEND_IMAGE_SOURCE=logo:img=null,mask=null
[PICOUI_TOUCH][GET] pressed=0 raw=(91,12) out=(-1,-1)
PICOUI_BACKEND_IMAGE_SOURCE=logo:img=null,mask=null
[PICOUI_TOUCH][GET] pressed=0 raw=(91,12) out=(-1,-1)
PICOUI_BACKEND_IMAGE_SOURCE=logo:img=null,mask=null
[PICOUI_TOUCH][GET] pressed=0 raw=(91,12) out=(-1,-1)
PICOUI_BACKEND_IMAGE_SOURCE=logo:img=null,mask=null
[PICOUI_TOUCH][GET] pressed=0 raw=(91,12) out=(-1,-1)
PICOUI_BACKEND_IMAGE_SOURCE=logo:img=null,mask=null
[PICOUI_TOUCH][GET] pressed=0 raw=(91,12) out=(-1,-1)
PICOUI_BACKEND_IMAGE_SOURCE=logo:img=null,mask=null
[PICOUI_TOUCH][SDL] type=motion buttons=0x0 pos=(91,13)
[PICOUI_TOUCH][SDL->LD] raw=(91,13) window=(480,320) mapped=(91,13) pressed=0
[PICOUI_TOUCH][SET] pressed=0 point=(91,13)
[PICOUI_TOUCH][GET] pressed=0 raw=(91,13) out=(-1,-1)
PICOUI_BACKEND_IMAGE_SOURCE=logo:img=null,mask=null
[PICOUI_TOUCH][GET] pressed=0 raw=(91,13) out=(-1,-1)
PICOUI_BACKEND_IMAGE_SOURCE=logo:img=null,mask=null
[PICOUI_TOUCH][GET] pressed=0 raw=(91,13) out=(-1,-1)
PICOUI_BACKEND_IMAGE_SOURCE=logo:img=null,mask=null
[PICOUI_TOUCH][GET] pressed=0 raw=(91,13) out=(-1,-1)
PICOUI_BACKEND_IMAGE_SOURCE=logo:img=null,mask=null
[PICOUI_TOUCH][GET] pressed=0 raw=(91,13) out=(-1,-1)
PICOUI_BACKEND_IMAGE_SOURCE=logo:img=null,mask=null
[PICOUI_TOUCH][GET] pressed=0 raw=(91,13) out=(-1,-1)
PICOUI_BACKEND_IMAGE_SOURCE=logo:img=null,mask=null
[PICOUI_TOUCH][GET] pressed=0 raw=(91,13) out=(-1,-1)
PICOUI_BACKEND_IMAGE_SOURCE=logo:img=null,mask=null
[PICOUI_TOUCH][GET] pressed=0 raw=(91,13) out=(-1,-1)
PICOUI_BACKEND_IMAGE_SOURCE=logo:img=null,mask=null
[PICOUI_TOUCH][GET] pressed=0 raw=(91,13) out=(-1,-1)
PICOUI_BACKEND_IMAGE_SOURCE=logo:img=null,mask=null
[PICOUI_TOUCH][GET] pressed=0 raw=(91,13) out=(-1,-1)
PICOUI_BACKEND_IMAGE_SOURCE=logo:img=null,mask=null
[PICOUI_TOUCH][GET] pressed=0 raw=(91,13) out=(-1,-1)
PICOUI_BACKEND_IMAGE_SOURCE=logo:img=null,mask=null
[PICOUI_TOUCH][GET] pressed=0 raw=(91,13) out=(-1,-1)
PICOUI_BACKEND_IMAGE_SOURCE=logo:img=null,mask=null
[PICOUI_TOUCH][SDL] type=down button=1 pos=(91,13)
[PICOUI_TOUCH][SDL->LD] raw=(91,13) window=(480,320) mapped=(91,13) pressed=1
[PICOUI_TOUCH][SET] pressed=1 point=(91,13)
[PICOUI_TOUCH][GET] pressed=1 raw=(91,13) out=(91,13)
[PICOUI_TOUCH][HIT] signal=press widget=1 point=(91,13)
PICOUI_BACKEND_IMAGE_SOURCE=logo:img=null,mask=null
[PICOUI_TOUCH][GET] pressed=1 raw=(91,13) out=(91,13)
PICOUI_BACKEND_IMAGE_SOURCE=logo:img=null,mask=null
[PICOUI_TOUCH][GET] pressed=1 raw=(91,13) out=(91,13)
PICOUI_BACKEND_IMAGE_SOURCE=logo:img=null,mask=null
[PICOUI_TOUCH][GET] pressed=1 raw=(91,13) out=(91,13)
PICOUI_BACKEND_IMAGE_SOURCE=logo:img=null,mask=null
[PICOUI_TOUCH][GET] pressed=1 raw=(91,13) out=(91,13)
PICOUI_BACKEND_IMAGE_SOURCE=logo:img=null,mask=null
[PICOUI_TOUCH][SDL] type=up button=1 pos=(91,13)
[PICOUI_TOUCH][SDL->LD] raw=(91,13) window=(480,320) mapped=(91,13) pressed=0
[PICOUI_TOUCH][SET] pressed=0 point=(91,13)
[PICOUI_TOUCH][GET] pressed=0 raw=(91,13) out=(-1,-1)
[PICOUI_TOUCH][HIT] signal=release widget=1 point=(91,13)
PICOUI_BACKEND_IMAGE_SOURCE=logo:img=null,mask=null
[PICOUI_TOUCH][GET] pressed=0 raw=(91,13) out=(-1,-1)
PICOUI_BACKEND_IMAGE_SOURCE=logo:img=null,mask=null
[PICOUI_TOUCH][GET] pressed=0 raw=(91,13) out=(-1,-1)
PICOUI_BACKEND_IMAGE_SOURCE=logo:img=null,mask=null
[PICOUI_TOUCH][GET] pressed=0 raw=(91,13) out=(-1,-1)
PICOUI_BACKEND_IMAGE_SOURCE=logo:img=null,mask=null
[PICOUI_TOUCH][SDL] type=motion buttons=0x0 pos=(91,14)
[PICOUI_TOUCH][SDL->LD] raw=(91,14) window=(480,320) mapped=(91,14) pressed=0
[PICOUI_TOUCH][SET] pressed=0 point=(91,14)
[PICOUI_TOUCH][SDL] type=motion buttons=0x0 pos=(90,19)
[PICOUI_TOUCH][SDL->LD] raw=(90,19) window=(480,320) mapped=(90,19) pressed=0
[PICOUI_TOUCH][SET] pressed=0 point=(90,19)
[PICOUI_TOUCH][GET] pressed=0 raw=(90,19) out=(-1,-1)
PICOUI_BACKEND_IMAGE_SOURCE=logo:img=null,mask=null
[PICOUI_TOUCH][SDL] type=motion buttons=0x0 pos=(81,41)
[PICOUI_TOUCH][SDL->LD] raw=(81,41) window=(480,320) mapped=(81,41) pressed=0
[PICOUI_TOUCH][SET] pressed=0 point=(81,41)
[PICOUI_TOUCH][GET] pressed=0 raw=(81,41) out=(-1,-1)
PICOUI_BACKEND_IMAGE_SOURCE=logo:img=null,mask=null
[PICOUI_TOUCH][SDL] type=motion buttons=0x0 pos=(43,99)
[PICOUI_TOUCH][SDL->LD] raw=(43,99) window=(480,320) mapped=(43,99) pressed=0
[PICOUI_TOUCH][SET] pressed=0 point=(43,99)
[PICOUI_TOUCH][GET] pressed=0 raw=(43,99) out=(-1,-1)
PICOUI_BACKEND_IMAGE_SOURCE=logo:img=null,mask=null
[PICOUI_TOUCH][SDL] type=motion buttons=0x0 pos=(0,203)
[PICOUI_TOUCH][SDL->LD] raw=(0,203) window=(480,320) mapped=(0,203) pressed=0
[PICOUI_TOUCH][SET] pressed=0 point=(0,203)
[PICOUI_TOUCH][GET] pressed=0 raw=(0,203) out=(-1,-1)
PICOUI_BACKEND_IMAGE_SOURCE=logo:img=null,mask=null
[PICOUI_TOUCH][GET] pressed=0 raw=(0,203) out=(-1,-1)
PICOUI_BACKEND_IMAGE_SOURCE=logo:img=null,mask=null
[PICOUI_TOUCH][GET] pressed=0 raw=(0,203) out=(-1,-1)
PICOUI_BACKEND_IMAGE_SOURCE=logo:img=null,mask=null
[PICOUI_TOUCH][GET] pressed=0 raw=(0,203) out=(-1,-1)
PICOUI_BACKEND_IMAGE_SOURCE=logo:img=null,mask=null
[PICOUI_TOUCH][GET] pressed=0 raw=(0,203) out=(-1,-1)
PICOUI_BACKEND_IMAGE_SOURCE=logo:img=null,mask=null
[PICOUI_TOUCH][GET] pressed=0 raw=(0,203) out=(-1,-1)
PICOUI_BACKEND_IMAGE_SOURCE=logo:img=null,mask=null
[PICOUI_TOUCH][GET] pressed=0 raw=(0,203) out=(-1,-1)
PICOUI_BACKEND_IMAGE_SOURCE=logo:img=null,mask=null
[PICOUI_TOUCH][GET] pressed=0 raw=(0,203) out=(-1,-1)
PICOUI_BACKEND_IMAGE_SOURCE=logo:img=null,mask=null
[PICOUI_TOUCH][GET] pressed=0 raw=(0,203) out=(-1,-1)
PICOUI_BACKEND_IMAGE_SOURCE=logo:img=null,mask=null
[PICOUI_TOUCH][GET] pressed=0 raw=(0,203) out=(-1,-1)
PICOUI_BACKEND_IMAGE_SOURCE=logo:img=null,mask=null
[PICOUI_TOUCH][GET] pressed=0 raw=(0,203) out=(-1,-1)
PICOUI_BACKEND_IMAGE_SOURCE=logo:img=null,mask=null
[PICOUI_TOUCH][GET] pressed=0 raw=(0,203) out=(-1,-1)
PICOUI_BACKEND_IMAGE_SOURCE=logo:img=null,mask=null
[PICOUI_TOUCH][GET] pressed=0 raw=(0,203) out=(-1,-1)
PICOUI_BACKEND_IMAGE_SOURCE=logo:img=null,mask=null
[PICOUI_TOUCH][GET] pressed=0 raw=(0,203) out=(-1,-1)
PICOUI_BACKEND_IMAGE_SOURCE=logo:img=null,mask=null
[PICOUI_TOUCH][GET] pressed=0 raw=(0,203) out=(-1,-1)
PICOUI_BACKEND_IMAGE_SOURCE=logo:img=null,mask=null
[PICOUI_TOUCH][GET] pressed=0 raw=(0,203) out=(-1,-1)
PICOUI_BACKEND_IMAGE_SOURCE=logo:img=null,mask=null
[PICOUI_TOUCH][GET] pressed=0 raw=(0,203) out=(-1,-1)
PICOUI_BACKEND_IMAGE_SOURCE=logo:img=null,mask=null
[PICOUI_TOUCH][GET] pressed=0 raw=(0,203) out=(-1,-1)
PICOUI_BACKEND_IMAGE_SOURCE=logo:img=null,mask=null
[PICOUI_TOUCH][GET] pressed=0 raw=(0,203) out=(-1,-1)
PICOUI_BACKEND_IMAGE_SOURCE=logo:img=null,mask=null
[PICOUI_TOUCH][GET] pressed=0 raw=(0,203) out=(-1,-1)
PICOUI_BACKEND_IMAGE_SOURCE=logo:img=null,mask=null
[PICOUI_TOUCH][GET] pressed=0 raw=(0,203) out=(-1,-1)
PICOUI_BACKEND_IMAGE_SOURCE=logo:img=null,mask=null
[PICOUI_TOUCH][GET] pressed=0 raw=(0,203) out=(-1,-1)
PICOUI_BACKEND_IMAGE_SOURCE=logo:img=null,mask=null
[PICOUI_TOUCH][GET] pressed=0 raw=(0,203) out=(-1,-1)
PICOUI_BACKEND_IMAGE_SOURCE=logo:img=null,mask=null
[PICOUI_TOUCH][GET] pressed=0 raw=(0,203) out=(-1,-1)
PICOUI_BACKEND_IMAGE_SOURCE=logo:img=null,mask=null
[PICOUI_TOUCH][GET] pressed=0 raw=(0,203) out=(-1,-1)
PICOUI_BACKEND_IMAGE_SOURCE=logo:img=null,mask=null
[PICOUI_TOUCH][GET] pressed=0 raw=(0,203) out=(-1,-1)
PICOUI_BACKEND_IMAGE_SOURCE=logo:img=null,mask=null
[PICOUI_TOUCH][GET] pressed=0 raw=(0,203) out=(-1,-1)
PICOUI_BACKEND_IMAGE_SOURCE=logo:img=null,mask=null
[PICOUI_TOUCH][GET] pressed=0 raw=(0,203) out=(-1,-1)
PICOUI_BACKEND_IMAGE_SOURCE=logo:img=null,mask=null
[PICOUI_TOUCH][GET] pressed=0 raw=(0,203) out=(-1,-1)
PICOUI_BACKEND_IMAGE_SOURCE=logo:img=null,mask=null
[PICOUI_TOUCH][GET] pressed=0 raw=(0,203) out=(-1,-1)
PICOUI_BACKEND_IMAGE_SOURCE=logo:img=null,mask=null
[PICOUI_TOUCH][GET] pressed=0 raw=(0,203) out=(-1,-1)
PICOUI_BACKEND_IMAGE_SOURCE=logo:img=null,mask=null
[PICOUI_TOUCH][GET] pressed=0 raw=(0,203) out=(-1,-1)
PICOUI_BACKEND_IMAGE_SOURCE=logo:img=null,mask=null
[PICOUI_TOUCH][GET] pressed=0 raw=(0,203) out=(-1,-1)
PICOUI_BACKEND_IMAGE_SOURCE=logo:img=null,mask=null
[PICOUI_TOUCH][GET] pressed=0 raw=(0,203) out=(-1,-1)
PICOUI_BACKEND_IMAGE_SOURCE=logo:img=null,mask=null
[PICOUI_TOUCH][GET] pressed=0 raw=(0,203) out=(-1,-1)
PICOUI_BACKEND_IMAGE_SOURCE=logo:img=null,mask=null
[PICOUI_TOUCH][GET] pressed=0 raw=(0,203) out=(-1,-1)
PICOUI_BACKEND_IMAGE_SOURCE=logo:img=null,mask=null
[PICOUI_TOUCH][GET] pressed=0 raw=(0,203) out=(-1,-1)
PICOUI_BACKEND_IMAGE_SOURCE=logo:img=null,mask=null
[PICOUI_TOUCH][GET] pressed=0 raw=(0,203) out=(-1,-1)
PICOUI_BACKEND_IMAGE_SOURCE=logo:img=null,mask=null
[PICOUI_TOUCH][GET] pressed=0 raw=(0,203) out=(-1,-1)
PICOUI_BACKEND_IMAGE_SOURCE=logo:img=null,mask=null
[PICOUI_TOUCH][GET] pressed=0 raw=(0,203) out=(-1,-1)
PICOUI_BACKEND_IMAGE_SOURCE=logo:img=null,mask=null
[PICOUI_TOUCH][GET] pressed=0 raw=(0,203) out=(-1,-1)
PICOUI_BACKEND_IMAGE_SOURCE=logo:img=null,mask=null
[PICOUI_TOUCH][GET] pressed=0 raw=(0,203) out=(-1,-1)
PICOUI_BACKEND_IMAGE_SOURCE=logo:img=null,mask=null
[PICOUI_TOUCH][GET] pressed=0 raw=(0,203) out=(-1,-1)
PICOUI_BACKEND_IMAGE_SOURCE=logo:img=null,mask=null
[PICOUI_TOUCH][GET] pressed=0 raw=(0,203) out=(-1,-1)
PICOUI_BACKEND_IMAGE_SOURCE=logo:img=null,mask=null
[PICOUI_TOUCH][GET] pressed=0 raw=(0,203) out=(-1,-1)
PICOUI_BACKEND_IMAGE_SOURCE=logo:img=null,mask=null
[PICOUI_TOUCH][GET] pressed=0 raw=(0,203) out=(-1,-1)
PICOUI_BACKEND_IMAGE_SOURCE=logo:img=null,mask=null
[PICOUI_TOUCH][GET] pressed=0 raw=(0,203) out=(-1,-1)
PICOUI_BACKEND_IMAGE_SOURCE=logo:img=null,mask=null
[PICOUI_TOUCH][GET] pressed=0 raw=(0,203) out=(-1,-1)
PICOUI_BACKEND_IMAGE_SOURCE=logo:img=null,mask=null
[PICOUI_TOUCH][GET] pressed=0 raw=(0,203) out=(-1,-1)
PICOUI_BACKEND_IMAGE_SOURCE=logo:img=null,mask=null
[PICOUI_TOUCH][GET] pressed=0 raw=(0,203) out=(-1,-1)
PICOUI_BACKEND_IMAGE_SOURCE=logo:img=null,mask=null
[PICOUI_TOUCH][GET] pressed=0 raw=(0,203) out=(-1,-1)
PICOUI_BACKEND_IMAGE_SOURCE=logo:img=null,mask=null
[PICOUI_TOUCH][GET] pressed=0 raw=(0,203) out=(-1,-1)
PICOUI_BACKEND_IMAGE_SOURCE=logo:img=null,mask=null
[PICOUI_TOUCH][GET] pressed=0 raw=(0,203) out=(-1,-1)
PICOUI_BACKEND_IMAGE_SOURCE=logo:img=null,mask=null
[PICOUI_TOUCH][GET] pressed=0 raw=(0,203) out=(-1,-1)
PICOUI_BACKEND_IMAGE_SOURCE=logo:img=null,mask=null
[PICOUI_TOUCH][GET] pressed=0 raw=(0,203) out=(-1,-1)
PICOUI_BACKEND_IMAGE_SOURCE=logo:img=null,mask=null
[PICOUI_TOUCH][GET] pressed=0 raw=(0,203) out=(-1,-1)
PICOUI_BACKEND_IMAGE_SOURCE=logo:img=null,mask=null
[PICOUI_TOUCH][GET] pressed=0 raw=(0,203) out=(-1,-1)
PICOUI_BACKEND_IMAGE_SOURCE=logo:img=null,mask=null
[PICOUI_TOUCH][GET] pressed=0 raw=(0,203) out=(-1,-1)
PICOUI_BACKEND_IMAGE_SOURCE=logo:img=null,mask=null
[PICOUI_TOUCH][GET] pressed=0 raw=(0,203) out=(-1,-1)
PICOUI_BACKEND_IMAGE_SOURCE=logo:img=null,mask=null
[PICOUI_TOUCH][GET] pressed=0 raw=(0,203) out=(-1,-1)
PICOUI_BACKEND_IMAGE_SOURCE=logo:img=null,mask=null
[PICOUI_TOUCH][GET] pressed=0 raw=(0,203) out=(-1,-1)
PICOUI_BACKEND_IMAGE_SOURCE=logo:img=null,mask=null
[PICOUI_TOUCH][GET] pressed=0 raw=(0,203) out=(-1,-1)
PICOUI_BACKEND_IMAGE_SOURCE=logo:img=null,mask=null
[PICOUI_TOUCH][GET] pressed=0 raw=(0,203) out=(-1,-1)
PICOUI_BACKEND_IMAGE_SOURCE=logo:img=null,mask=null
[PICOUI_TOUCH][GET] pressed=0 raw=(0,203) out=(-1,-1)
PICOUI_BACKEND_IMAGE_SOURCE=logo:img=null,mask=null
[PICOUI_TOUCH][GET] pressed=0 raw=(0,203) out=(-1,-1)
PICOUI_BACKEND_IMAGE_SOURCE=logo:img=null,mask=null
[PICOUI_TOUCH][GET] pressed=0 raw=(0,203) out=(-1,-1)
PICOUI_BACKEND_IMAGE_SOURCE=logo:img=null,mask=null
[PICOUI_TOUCH][GET] pressed=0 raw=(0,203) out=(-1,-1)
PICOUI_BACKEND_IMAGE_SOURCE=logo:img=null,mask=null
[PICOUI_TOUCH][GET] pressed=0 raw=(0,203) out=(-1,-1)
PICOUI_BACKEND_IMAGE_SOURCE=logo:img=null,mask=null
[PICOUI_TOUCH][GET] pressed=0 raw=(0,203) out=(-1,-1)
PICOUI_BACKEND_IMAGE_SOURCE=logo:img=null,mask=null
[PICOUI_TOUCH][GET] pressed=0 raw=(0,203) out=(-1,-1)
PICOUI_BACKEND_IMAGE_SOURCE=logo:img=null,mask=null
[PICOUI_TOUCH][GET] pressed=0 raw=(0,203) out=(-1,-1)
PICOUI_BACKEND_IMAGE_SOURCE=logo:img=null,mask=null
[PICOUI_TOUCH][GET] pressed=0 raw=(0,203) out=(-1,-1)
PICOUI_BACKEND_IMAGE_SOURCE=logo:img=null,mask=null
[PICOUI_TOUCH][GET] pressed=0 raw=(0,203) out=(-1,-1)
PICOUI_BACKEND_IMAGE_SOURCE=logo:img=null,mask=null
[PICOUI_TOUCH][GET] pressed=0 raw=(0,203) out=(-1,-1)
PICOUI_BACKEND_IMAGE_SOURCE=logo:img=null,mask=null
[PICOUI_TOUCH][GET] pressed=0 raw=(0,203) out=(-1,-1)
PICOUI_BACKEND_IMAGE_SOURCE=logo:img=null,mask=null
[PICOUI_TOUCH][GET] pressed=0 raw=(0,203) out=(-1,-1)
PICOUI_BACKEND_IMAGE_SOURCE=logo:img=null,mask=null
[PICOUI_TOUCH][GET] pressed=0 raw=(0,203) out=(-1,-1)
PICOUI_BACKEND_IMAGE_SOURCE=logo:img=null,mask=null
[PICOUI_TOUCH][GET] pressed=0 raw=(0,203) out=(-1,-1)
PICOUI_BACKEND_IMAGE_SOURCE=logo:img=null,mask=null
[PICOUI_TOUCH][GET] pressed=0 raw=(0,203) out=(-1,-1)
PICOUI_BACKEND_IMAGE_SOURCE=logo:img=null,mask=null
[PICOUI_TOUCH][GET] pressed=0 raw=(0,203) out=(-1,-1)
PICOUI_BACKEND_IMAGE_SOURCE=logo:img=null,mask=null
[PICOUI_TOUCH][GET] pressed=0 raw=(0,203) out=(-1,-1)
PICOUI_BACKEND_IMAGE_SOURCE=logo:img=null,mask=null
[PICOUI_TOUCH][GET] pressed=0 raw=(0,203) out=(-1,-1)
PICOUI_BACKEND_IMAGE_SOURCE=logo:img=null,mask=null
[PICOUI_TOUCH][GET] pressed=0 raw=(0,203) out=(-1,-1)
PICOUI_BACKEND_IMAGE_SOURCE=logo:img=null,mask=null
[PICOUI_TOUCH][GET] pressed=0 raw=(0,203) out=(-1,-1)
PICOUI_BACKEND_IMAGE_SOURCE=logo:img=null,mask=null
[PICOUI_TOUCH][GET] pressed=0 raw=(0,203) out=(-1,-1)
PICOUI_BACKEND_IMAGE_SOURCE=logo:img=null,mask=null
[PICOUI_TOUCH][GET] pressed=0 raw=(0,203) out=(-1,-1)
PICOUI_BACKEND_IMAGE_SOURCE=logo:img=null,mask=null
[PICOUI_TOUCH][GET] pressed=0 raw=(0,203) out=(-1,-1)
PICOUI_BACKEND_IMAGE_SOURCE=logo:img=null,mask=null
[PICOUI_TOUCH][GET] pressed=0 raw=(0,203) out=(-1,-1)
PICOUI_BACKEND_IMAGE_SOURCE=logo:img=null,mask=null
[PICOUI_TOUCH][GET] pressed=0 raw=(0,203) out=(-1,-1)
PICOUI_BACKEND_IMAGE_SOURCE=logo:img=null,mask=null
[PICOUI_TOUCH][GET] pressed=0 raw=(0,203) out=(-1,-1)
PICOUI_BACKEND_IMAGE_SOURCE=logo:img=null,mask=null
[PICOUI_TOUCH][GET] pressed=0 raw=(0,203) out=(-1,-1)
PICOUI_BACKEND_IMAGE_SOURCE=logo:img=null,mask=null
[PICOUI_TOUCH][GET] pressed=0 raw=(0,203) out=(-1,-1)
PICOUI_BACKEND_IMAGE_SOURCE=logo:img=null,mask=null
[PICOUI_TOUCH][GET] pressed=0 raw=(0,203) out=(-1,-1)
PICOUI_BACKEND_IMAGE_SOURCE=logo:img=null,mask=null
[PICOUI_TOUCH][GET] pressed=0 raw=(0,203) out=(-1,-1)
PICOUI_BACKEND_IMAGE_SOURCE=logo:img=null,mask=null
[PICOUI_TOUCH][GET] pressed=0 raw=(0,203) out=(-1,-1)
PICOUI_BACKEND_IMAGE_SOURCE=logo:img=null,mask=null
[PICOUI_TOUCH][GET] pressed=0 raw=(0,203) out=(-1,-1)
PICOUI_BACKEND_IMAGE_SOURCE=logo:img=null,mask=null
[PICOUI_TOUCH][GET] pressed=0 raw=(0,203) out=(-1,-1)
PICOUI_BACKEND_IMAGE_SOURCE=logo:img=null,mask=null
[PICOUI_TOUCH][GET] pressed=0 raw=(0,203) out=(-1,-1)
PICOUI_BACKEND_IMAGE_SOURCE=logo:img=null,mask=null
[PICOUI_TOUCH][GET] pressed=0 raw=(0,203) out=(-1,-1)
PICOUI_BACKEND_IMAGE_SOURCE=logo:img=null,mask=null
[PICOUI_TOUCH][GET] pressed=0 raw=(0,203) out=(-1,-1)
PICOUI_BACKEND_IMAGE_SOURCE=logo:img=null,mask=null
[PICOUI_TOUCH][GET] pressed=0 raw=(0,203) out=(-1,-1)
PICOUI_BACKEND_IMAGE_SOURCE=logo:img=null,mask=null
[PICOUI_TOUCH][GET] pressed=0 raw=(0,203) out=(-1,-1)
PICOUI_BACKEND_IMAGE_SOURCE=logo:img=null,mask=null
[PICOUI_TOUCH][GET] pressed=0 raw=(0,203) out=(-1,-1)
PICOUI_BACKEND_IMAGE_SOURCE=logo:img=null,mask=null
[PICOUI_TOUCH][GET] pressed=0 raw=(0,203) out=(-1,-1)
PICOUI_BACKEND_IMAGE_SOURCE=logo:img=null,mask=null
[PICOUI_TOUCH][GET] pressed=0 raw=(0,203) out=(-1,-1)
PICOUI_BACKEND_IMAGE_SOURCE=logo:img=null,mask=null
[PICOUI_TOUCH][GET] pressed=0 raw=(0,203) out=(-1,-1)
PICOUI_BACKEND_IMAGE_SOURCE=logo:img=null,mask=null
[PICOUI_TOUCH][GET] pressed=0 raw=(0,203) out=(-1,-1)
PICOUI_BACKEND_IMAGE_SOURCE=logo:img=null,mask=null
[PICOUI_TOUCH][GET] pressed=0 raw=(0,203) out=(-1,-1)
PICOUI_BACKEND_IMAGE_SOURCE=logo:img=null,mask=null
[PICOUI_TOUCH][GET] pressed=0 raw=(0,203) out=(-1,-1)
PICOUI_BACKEND_IMAGE_SOURCE=logo:img=null,mask=null
[PICOUI_TOUCH][GET] pressed=0 raw=(0,203) out=(-1,-1)
PICOUI_BACKEND_IMAGE_SOURCE=logo:img=null,mask=null
[PICOUI_TOUCH][GET] pressed=0 raw=(0,203) out=(-1,-1)
PICOUI_BACKEND_IMAGE_SOURCE=logo:img=null,mask=null
[PICOUI_TOUCH][GET] pressed=0 raw=(0,203) out=(-1,-1)
PICOUI_BACKEND_IMAGE_SOURCE=logo:img=null,mask=null
[PICOUI_TOUCH][GET] pressed=0 raw=(0,203) out=(-1,-1)
PICOUI_BACKEND_IMAGE_SOURCE=logo:img=null,mask=null
[PICOUI_TOUCH][GET] pressed=0 raw=(0,203) out=(-1,-1)
PICOUI_BACKEND_IMAGE_SOURCE=logo:img=null,mask=null
[PICOUI_TOUCH][GET] pressed=0 raw=(0,203) out=(-1,-1)
PICOUI_BACKEND_IMAGE_SOURCE=logo:img=null,mask=null
[PICOUI_TOUCH][GET] pressed=0 raw=(0,203) out=(-1,-1)
PICOUI_BACKEND_IMAGE_SOURCE=logo:img=null,mask=null
[PICOUI_TOUCH][GET] pressed=0 raw=(0,203) out=(-1,-1)
PICOUI_BACKEND_IMAGE_SOURCE=logo:img=null,mask=null
[PICOUI_TOUCH][GET] pressed=0 raw=(0,203) out=(-1,-1)
PICOUI_BACKEND_IMAGE_SOURCE=logo:img=null,mask=null
[PICOUI_TOUCH][GET] pressed=0 raw=(0,203) out=(-1,-1)
PICOUI_BACKEND_IMAGE_SOURCE=logo:img=null,mask=null
[PICOUI_TOUCH][GET] pressed=0 raw=(0,203) out=(-1,-1)
PICOUI_BACKEND_IMAGE_SOURCE=logo:img=null,mask=null
[PICOUI_TOUCH][GET] pressed=0 raw=(0,203) out=(-1,-1)
PICOUI_BACKEND_IMAGE_SOURCE=logo:img=null,mask=null
[PICOUI_TOUCH][GET] pressed=0 raw=(0,203) out=(-1,-1)
PICOUI_BACKEND_IMAGE_SOURCE=logo:img=null,mask=null
[PICOUI_TOUCH][GET] pressed=0 raw=(0,203) out=(-1,-1)
PICOUI_BACKEND_IMAGE_SOURCE=logo:img=null,mask=null
[PICOUI_TOUCH][GET] pressed=0 raw=(0,203) out=(-1,-1)
PICOUI_BACKEND_IMAGE_SOURCE=logo:img=null,mask=null
[PICOUI_TOUCH][GET] pressed=0 raw=(0,203) out=(-1,-1)
PICOUI_BACKEND_IMAGE_SOURCE=logo:img=null,mask=null
[PICOUI_TOUCH][GET] pressed=0 raw=(0,203) out=(-1,-1)
PICOUI_BACKEND_IMAGE_SOURCE=logo:img=null,mask=null
[PICOUI_TOUCH][GET] pressed=0 raw=(0,203) out=(-1,-1)
PICOUI_BACKEND_IMAGE_SOURCE=logo:img=null,mask=null
[PICOUI_TOUCH][GET] pressed=0 raw=(0,203) out=(-1,-1)
PICOUI_BACKEND_IMAGE_SOURCE=logo:img=null,mask=null
[PICOUI_TOUCH][GET] pressed=0 raw=(0,203) out=(-1,-1)
PICOUI_BACKEND_IMAGE_SOURCE=logo:img=null,mask=null
[PICOUI_TOUCH][GET] pressed=0 raw=(0,203) out=(-1,-1)
PICOUI_BACKEND_IMAGE_SOURCE=logo:img=null,mask=null
[PICOUI_TOUCH][GET] pressed=0 raw=(0,203) out=(-1,-1)
PICOUI_BACKEND_IMAGE_SOURCE=logo:img=null,mask=null
[PICOUI_TOUCH][GET] pressed=0 raw=(0,203) out=(-1,-1)
PICOUI_BACKEND_IMAGE_SOURCE=logo:img=null,mask=null
[PICOUI_TOUCH][GET] pressed=0 raw=(0,203) out=(-1,-1)
PICOUI_BACKEND_IMAGE_SOURCE=logo:img=null,mask=null
[PICOUI_TOUCH][GET] pressed=0 raw=(0,203) out=(-1,-1)
PICOUI_BACKEND_IMAGE_SOURCE=logo:img=null,mask=null
[PICOUI_TOUCH][GET] pressed=0 raw=(0,203) out=(-1,-1)
PICOUI_BACKEND_IMAGE_SOURCE=logo:img=null,mask=null
[PICOUI_TOUCH][GET] pressed=0 raw=(0,203) out=(-1,-1)
PICOUI_BACKEND_IMAGE_SOURCE=logo:img=null,mask=null
[PICOUI_TOUCH][GET] pressed=0 raw=(0,203) out=(-1,-1)
PICOUI_BACKEND_IMAGE_SOURCE=logo:img=null,mask=null
[PICOUI_TOUCH][GET] pressed=0 raw=(0,203) out=(-1,-1)
PICOUI_BACKEND_IMAGE_SOURCE=logo:img=null,mask=null
[PICOUI_TOUCH][GET] pressed=0 raw=(0,203) out=(-1,-1)
PICOUI_BACKEND_IMAGE_SOURCE=logo:img=null,mask=null
[PICOUI_TOUCH][GET] pressed=0 raw=(0,203) out=(-1,-1)
PICOUI_BACKEND_IMAGE_SOURCE=logo:img=null,mask=null
[PICOUI_TOUCH][GET] pressed=0 raw=(0,203) out=(-1,-1)
PICOUI_BACKEND_IMAGE_SOURCE=logo:img=null,mask=null
[PICOUI_TOUCH][GET] pressed=0 raw=(0,203) out=(-1,-1)
PICOUI_BACKEND_IMAGE_SOURCE=logo:img=null,mask=null
[PICOUI_TOUCH][GET] pressed=0 raw=(0,203) out=(-1,-1)
PICOUI_BACKEND_IMAGE_SOURCE=logo:img=null,mask=null
[PICOUI_TOUCH][GET] pressed=0 raw=(0,203) out=(-1,-1)
PICOUI_BACKEND_IMAGE_SOURCE=logo:img=null,mask=null
[PICOUI_TOUCH][GET] pressed=0 raw=(0,203) out=(-1,-1)
PICOUI_BACKEND_IMAGE_SOURCE=logo:img=null,mask=null
[PICOUI_TOUCH][GET] pressed=0 raw=(0,203) out=(-1,-1)
PICOUI_BACKEND_IMAGE_SOURCE=logo:img=null,mask=null
[PICOUI_TOUCH][GET] pressed=0 raw=(0,203) out=(-1,-1)
PICOUI_BACKEND_IMAGE_SOURCE=logo:img=null,mask=null
[PICOUI_TOUCH][GET] pressed=0 raw=(0,203) out=(-1,-1)
PICOUI_BACKEND_IMAGE_SOURCE=logo:img=null,mask=null
[PICOUI_TOUCH][GET] pressed=0 raw=(0,203) out=(-1,-1)
PICOUI_BACKEND_IMAGE_SOURCE=logo:img=null,mask=null
[PICOUI_TOUCH][GET] pressed=0 raw=(0,203) out=(-1,-1)
PICOUI_BACKEND_IMAGE_SOURCE=logo:img=null,mask=null
[PICOUI_TOUCH][GET] pressed=0 raw=(0,203) out=(-1,-1)
PICOUI_BACKEND_IMAGE_SOURCE=logo:img=null,mask=null
[PICOUI_TOUCH][GET] pressed=0 raw=(0,203) out=(-1,-1)
PICOUI_BACKEND_IMAGE_SOURCE=logo:img=null,mask=null
[PICOUI_TOUCH][GET] pressed=0 raw=(0,203) out=(-1,-1)
PICOUI_BACKEND_IMAGE_SOURCE=logo:img=null,mask=null
[PICOUI_TOUCH][GET] pressed=0 raw=(0,203) out=(-1,-1)
PICOUI_BACKEND_IMAGE_SOURCE=logo:img=null,mask=null
[PICOUI_TOUCH][GET] pressed=0 raw=(0,203) out=(-1,-1)
PICOUI_BACKEND_IMAGE_SOURCE=logo:img=null,mask=null
[PICOUI_TOUCH][GET] pressed=0 raw=(0,203) out=(-1,-1)
PICOUI_BACKEND_IMAGE_SOURCE=logo:img=null,mask=null
[PICOUI_TOUCH][GET] pressed=0 raw=(0,203) out=(-1,-1)
PICOUI_BACKEND_IMAGE_SOURCE=logo:img=null,mask=null
[PICOUI_TOUCH][GET] pressed=0 raw=(0,203) out=(-1,-1)
PICOUI_BACKEND_IMAGE_SOURCE=logo:img=null,mask=null
[PICOUI_TOUCH][GET] pressed=0 raw=(0,203) out=(-1,-1)
PICOUI_BACKEND_IMAGE_SOURCE=logo:img=null,mask=null
[PICOUI_TOUCH][GET] pressed=0 raw=(0,203) out=(-1,-1)
PICOUI_BACKEND_IMAGE_SOURCE=logo:img=null,mask=null
[PICOUI_TOUCH][GET] pressed=0 raw=(0,203) out=(-1,-1)
PICOUI_BACKEND_IMAGE_SOURCE=logo:img=null,mask=null
[PICOUI_TOUCH][GET] pressed=0 raw=(0,203) out=(-1,-1)
PICOUI_BACKEND_IMAGE_SOURCE=logo:img=null,mask=null
[PICOUI_TOUCH][GET] pressed=0 raw=(0,203) out=(-1,-1)
PICOUI_BACKEND_IMAGE_SOURCE=logo:img=null,mask=null
[PICOUI_TOUCH][GET] pressed=0 raw=(0,203) out=(-1,-1)
PICOUI_BACKEND_IMAGE_SOURCE=logo:img=null,mask=null
[PICOUI_TOUCH][GET] pressed=0 raw=(0,203) out=(-1,-1)
PICOUI_BACKEND_IMAGE_SOURCE=logo:img=null,mask=null
[PICOUI_TOUCH][GET] pressed=0 raw=(0,203) out=(-1,-1)
PICOUI_BACKEND_IMAGE_SOURCE=logo:img=null,mask=null
[PICOUI_TOUCH][GET] pressed=0 raw=(0,203) out=(-1,-1)
PICOUI_BACKEND_IMAGE_SOURCE=logo:img=null,mask=null
[PICOUI_TOUCH][GET] pressed=0 raw=(0,203) out=(-1,-1)
PICOUI_BACKEND_IMAGE_SOURCE=logo:img=null,mask=null
[PICOUI_TOUCH][GET] pressed=0 raw=(0,203) out=(-1,-1)
PICOUI_BACKEND_IMAGE_SOURCE=logo:img=null,mask=null
[PICOUI_TOUCH][GET] pressed=0 raw=(0,203) out=(-1,-1)
PICOUI_BACKEND_IMAGE_SOURCE=logo:img=null,mask=null
[PICOUI_TOUCH][GET] pressed=0 raw=(0,203) out=(-1,-1)
PICOUI_BACKEND_IMAGE_SOURCE=logo:img=null,mask=null
[PICOUI_TOUCH][GET] pressed=0 raw=(0,203) out=(-1,-1)
PICOUI_BACKEND_IMAGE_SOURCE=logo:img=null,mask=null
[PICOUI_TOUCH][GET] pressed=0 raw=(0,203) out=(-1,-1)
PICOUI_BACKEND_IMAGE_SOURCE=logo:img=null,mask=null
[PICOUI_TOUCH][GET] pressed=0 raw=(0,203) out=(-1,-1)
PICOUI_BACKEND_IMAGE_SOURCE=logo:img=null,mask=null
[PICOUI_TOUCH][GET] pressed=0 raw=(0,203) out=(-1,-1)
PICOUI_BACKEND_IMAGE_SOURCE=logo:img=null,mask=null
[PICOUI_TOUCH][GET] pressed=0 raw=(0,203) out=(-1,-1)
PICOUI_BACKEND_IMAGE_SOURCE=logo:img=null,mask=null
[PICOUI_TOUCH][GET] pressed=0 raw=(0,203) out=(-1,-1)
PICOUI_BACKEND_IMAGE_SOURCE=logo:img=null,mask=null
[PICOUI_TOUCH][GET] pressed=0 raw=(0,203) out=(-1,-1)
PICOUI_BACKEND_IMAGE_SOURCE=logo:img=null,mask=null
[PICOUI_TOUCH][GET] pressed=0 raw=(0,203) out=(-1,-1)
PICOUI_BACKEND_IMAGE_SOURCE=logo:img=null,mask=null
[PICOUI_TOUCH][GET] pressed=0 raw=(0,203) out=(-1,-1)
PICOUI_BACKEND_IMAGE_SOURCE=logo:img=null,mask=null
[PICOUI_TOUCH][GET] pressed=0 raw=(0,203) out=(-1,-1)
PICOUI_BACKEND_IMAGE_SOURCE=logo:img=null,mask=null
[PICOUI_TOUCH][GET] pressed=0 raw=(0,203) out=(-1,-1)
PICOUI_BACKEND_IMAGE_SOURCE=logo:img=null,mask=null
[PICOUI_TOUCH][GET] pressed=0 raw=(0,203) out=(-1,-1)
PICOUI_BACKEND_IMAGE_SOURCE=logo:img=null,mask=null
[PICOUI_TOUCH][GET] pressed=0 raw=(0,203) out=(-1,-1)
PICOUI_BACKEND_IMAGE_SOURCE=logo:img=null,mask=null
[PICOUI_TOUCH][GET] pressed=0 raw=(0,203) out=(-1,-1)
PICOUI_BACKEND_IMAGE_SOURCE=logo:img=null,mask=null
[PICOUI_TOUCH][GET] pressed=0 raw=(0,203) out=(-1,-1)
PICOUI_BACKEND_IMAGE_SOURCE=logo:img=null,mask=null
[PICOUI_TOUCH][GET] pressed=0 raw=(0,203) out=(-1,-1)
PICOUI_BACKEND_IMAGE_SOURCE=logo:img=null,mask=null
[PICOUI_TOUCH][GET] pressed=0 raw=(0,203) out=(-1,-1)
PICOUI_BACKEND_IMAGE_SOURCE=logo:img=null,mask=null
[PICOUI_TOUCH][GET] pressed=0 raw=(0,203) out=(-1,-1)
PICOUI_BACKEND_IMAGE_SOURCE=logo:img=null,mask=null
[PICOUI_TOUCH][GET] pressed=0 raw=(0,203) out=(-1,-1)
PICOUI_BACKEND_IMAGE_SOURCE=logo:img=null,mask=null
[PICOUI_TOUCH][GET] pressed=0 raw=(0,203) out=(-1,-1)
PICOUI_BACKEND_IMAGE_SOURCE=logo:img=null,mask=null
[PICOUI_TOUCH][GET] pressed=0 raw=(0,203) out=(-1,-1)
PICOUI_BACKEND_IMAGE_SOURCE=logo:img=null,mask=null
[PICOUI_TOUCH][GET] pressed=0 raw=(0,203) out=(-1,-1)
PICOUI_BACKEND_IMAGE_SOURCE=logo:img=null,mask=null
[PICOUI_TOUCH][GET] pressed=0 raw=(0,203) out=(-1,-1)
PICOUI_BACKEND_IMAGE_SOURCE=logo:img=null,mask=null
[PICOUI_TOUCH][GET] pressed=0 raw=(0,203) out=(-1,-1)
PICOUI_BACKEND_IMAGE_SOURCE=logo:img=null,mask=null
[PICOUI_TOUCH][GET] pressed=0 raw=(0,203) out=(-1,-1)
PICOUI_BACKEND_IMAGE_SOURCE=logo:img=null,mask=null
[PICOUI_TOUCH][GET] pressed=0 raw=(0,203) out=(-1,-1)
PICOUI_BACKEND_IMAGE_SOURCE=logo:img=null,mask=null
[PICOUI_TOUCH][GET] pressed=0 raw=(0,203) out=(-1,-1)
PICOUI_BACKEND_IMAGE_SOURCE=logo:img=null,mask=null
[PICOUI_TOUCH][GET] pressed=0 raw=(0,203) out=(-1,-1)
PICOUI_BACKEND_IMAGE_SOURCE=logo:img=null,mask=null
[PICOUI_TOUCH][GET] pressed=0 raw=(0,203) out=(-1,-1)
PICOUI_BACKEND_IMAGE_SOURCE=logo:img=null,mask=null
[PICOUI_TOUCH][GET] pressed=0 raw=(0,203) out=(-1,-1)
PICOUI_BACKEND_IMAGE_SOURCE=logo:img=null,mask=null
[PICOUI_TOUCH][GET] pressed=0 raw=(0,203) out=(-1,-1)
PICOUI_BACKEND_IMAGE_SOURCE=logo:img=null,mask=null
[PICOUI_TOUCH][GET] pressed=0 raw=(0,203) out=(-1,-1)
PICOUI_BACKEND_IMAGE_SOURCE=logo:img=null,mask=null
[PICOUI_TOUCH][GET] pressed=0 raw=(0,203) out=(-1,-1)
PICOUI_BACKEND_IMAGE_SOURCE=logo:img=null,mask=null
[PICOUI_TOUCH][GET] pressed=0 raw=(0,203) out=(-1,-1)
PICOUI_BACKEND_IMAGE_SOURCE=logo:img=null,mask=null
[PICOUI_TOUCH][GET] pressed=0 raw=(0,203) out=(-1,-1)
PICOUI_BACKEND_IMAGE_SOURCE=logo:img=null,mask=null
[PICOUI_TOUCH][GET] pressed=0 raw=(0,203) out=(-1,-1)
PICOUI_BACKEND_IMAGE_SOURCE=logo:img=null,mask=null
[PICOUI_TOUCH][GET] pressed=0 raw=(0,203) out=(-1,-1)
PICOUI_BACKEND_IMAGE_SOURCE=logo:img=null,mask=null
[PICOUI_TOUCH][GET] pressed=0 raw=(0,203) out=(-1,-1)
PICOUI_BACKEND_IMAGE_SOURCE=logo:img=null,mask=null
[PICOUI_TOUCH][GET] pressed=0 raw=(0,203) out=(-1,-1)
PICOUI_BACKEND_IMAGE_SOURCE=logo:img=null,mask=null
[PICOUI_TOUCH][GET] pressed=0 raw=(0,203) out=(-1,-1)
PICOUI_BACKEND_IMAGE_SOURCE=logo:img=null,mask=null
[PICOUI_TOUCH][GET] pressed=0 raw=(0,203) out=(-1,-1)
PICOUI_BACKEND_IMAGE_SOURCE=logo:img=null,mask=null
[PICOUI_TOUCH][GET] pressed=0 raw=(0,203) out=(-1,-1)
PICOUI_BACKEND_IMAGE_SOURCE=logo:img=null,mask=null
[PICOUI_TOUCH][GET] pressed=0 raw=(0,203) out=(-1,-1)
PICOUI_BACKEND_IMAGE_SOURCE=logo:img=null,mask=null
[PICOUI_TOUCH][GET] pressed=0 raw=(0,203) out=(-1,-1)
PICOUI_BACKEND_IMAGE_SOURCE=logo:img=null,mask=null
[PICOUI_TOUCH][GET] pressed=0 raw=(0,203) out=(-1,-1)
PICOUI_BACKEND_IMAGE_SOURCE=logo:img=null,mask=null
[PICOUI_TOUCH][GET] pressed=0 raw=(0,203) out=(-1,-1)
PICOUI_BACKEND_IMAGE_SOURCE=logo:img=null,mask=null
[PICOUI_TOUCH][GET] pressed=0 raw=(0,203) out=(-1,-1)
PICOUI_BACKEND_IMAGE_SOURCE=logo:img=null,mask=null
[PICOUI_TOUCH][GET] pressed=0 raw=(0,203) out=(-1,-1)
PICOUI_BACKEND_IMAGE_SOURCE=logo:img=null,mask=null
[PICOUI_TOUCH][GET] pressed=0 raw=(0,203) out=(-1,-1)
PICOUI_BACKEND_IMAGE_SOURCE=logo:img=null,mask=null
[PICOUI_TOUCH][GET] pressed=0 raw=(0,203) out=(-1,-1)
PICOUI_BACKEND_IMAGE_SOURCE=logo:img=null,mask=null
[PICOUI_TOUCH][GET] pressed=0 raw=(0,203) out=(-1,-1)
PICOUI_BACKEND_IMAGE_SOURCE=logo:img=null,mask=null
[PICOUI_TOUCH][GET] pressed=0 raw=(0,203) out=(-1,-1)
PICOUI_BACKEND_IMAGE_SOURCE=logo:img=null,mask=null
[PICOUI_TOUCH][GET] pressed=0 raw=(0,203) out=(-1,-1)
PICOUI_BACKEND_IMAGE_SOURCE=logo:img=null,mask=null
[PICOUI_TOUCH][GET] pressed=0 raw=(0,203) out=(-1,-1)
PICOUI_BACKEND_IMAGE_SOURCE=logo:img=null,mask=null
[PICOUI_TOUCH][GET] pressed=0 raw=(0,203) out=(-1,-1)
PICOUI_BACKEND_IMAGE_SOURCE=logo:img=null,mask=null
[PICOUI_TOUCH][GET] pressed=0 raw=(0,203) out=(-1,-1)
PICOUI_BACKEND_IMAGE_SOURCE=logo:img=null,mask=null
[PICOUI_TOUCH][GET] pressed=0 raw=(0,203) out=(-1,-1)
PICOUI_BACKEND_IMAGE_SOURCE=logo:img=null,mask=null
[PICOUI_TOUCH][GET] pressed=0 raw=(0,203) out=(-1,-1)
PICOUI_BACKEND_IMAGE_SOURCE=logo:img=null,mask=null
[PICOUI_TOUCH][GET] pressed=0 raw=(0,203) out=(-1,-1)
PICOUI_BACKEND_IMAGE_SOURCE=logo:img=null,mask=null
[PICOUI_TOUCH][GET] pressed=0 raw=(0,203) out=(-1,-1)
PICOUI_BACKEND_IMAGE_SOURCE=logo:img=null,mask=null
[PICOUI_TOUCH][GET] pressed=0 raw=(0,203) out=(-1,-1)
PICOUI_BACKEND_IMAGE_SOURCE=logo:img=null,mask=null
[PICOUI_TOUCH][GET] pressed=0 raw=(0,203) out=(-1,-1)
PICOUI_BACKEND_IMAGE_SOURCE=logo:img=null,mask=null
[PICOUI_TOUCH][GET] pressed=0 raw=(0,203) out=(-1,-1)
PICOUI_BACKEND_IMAGE_SOURCE=logo:img=null,mask=null
[PICOUI_TOUCH][GET] pressed=0 raw=(0,203) out=(-1,-1)
PICOUI_BACKEND_IMAGE_SOURCE=logo:img=null,mask=null
[PICOUI_TOUCH][GET] pressed=0 raw=(0,203) out=(-1,-1)
PICOUI_BACKEND_IMAGE_SOURCE=logo:img=null,mask=null
[PICOUI_TOUCH][GET] pressed=0 raw=(0,203) out=(-1,-1)
PICOUI_BACKEND_IMAGE_SOURCE=logo:img=null,mask=null
[PICOUI_TOUCH][GET] pressed=0 raw=(0,203) out=(-1,-1)
PICOUI_BACKEND_IMAGE_SOURCE=logo:img=null,mask=null
[PICOUI_TOUCH][GET] pressed=0 raw=(0,203) out=(-1,-1)
PICOUI_BACKEND_IMAGE_SOURCE=logo:img=null,mask=null
[PICOUI_TOUCH][GET] pressed=0 raw=(0,203) out=(-1,-1)
PICOUI_BACKEND_IMAGE_SOURCE=logo:img=null,mask=null
[PICOUI_TOUCH][GET] pressed=0 raw=(0,203) out=(-1,-1)
PICOUI_BACKEND_IMAGE_SOURCE=logo:img=null,mask=null
[PICOUI_TOUCH][GET] pressed=0 raw=(0,203) out=(-1,-1)
PICOUI_BACKEND_IMAGE_SOURCE=logo:img=null,mask=null
[PICOUI_TOUCH][GET] pressed=0 raw=(0,203) out=(-1,-1)
PICOUI_BACKEND_IMAGE_SOURCE=logo:img=null,mask=null
[PICOUI_TOUCH][GET] pressed=0 raw=(0,203) out=(-1,-1)
PICOUI_BACKEND_IMAGE_SOURCE=logo:img=null,mask=null
[PICOUI_TOUCH][GET] pressed=0 raw=(0,203) out=(-1,-1)
PICOUI_BACKEND_IMAGE_SOURCE=logo:img=null,mask=null
[PICOUI_TOUCH][GET] pressed=0 raw=(0,203) out=(-1,-1)
PICOUI_BACKEND_IMAGE_SOURCE=logo:img=null,mask=null
[PICOUI_TOUCH][GET] pressed=0 raw=(0,203) out=(-1,-1)
PICOUI_BACKEND_IMAGE_SOURCE=logo:img=null,mask=null
[PICOUI_TOUCH][GET] pressed=0 raw=(0,203) out=(-1,-1)
PICOUI_BACKEND_IMAGE_SOURCE=logo:img=null,mask=null
[PICOUI_TOUCH][GET] pressed=0 raw=(0,203) out=(-1,-1)
PICOUI_BACKEND_IMAGE_SOURCE=logo:img=null,mask=null
[PICOUI_TOUCH][GET] pressed=0 raw=(0,203) out=(-1,-1)
PICOUI_BACKEND_IMAGE_SOURCE=logo:img=null,mask=null
[PICOUI_TOUCH][GET] pressed=0 raw=(0,203) out=(-1,-1)
PICOUI_BACKEND_IMAGE_SOURCE=logo:img=null,mask=null
[PICOUI_TOUCH][GET] pressed=0 raw=(0,203) out=(-1,-1)
PICOUI_BACKEND_IMAGE_SOURCE=logo:img=null,mask=null
[PICOUI_TOUCH][GET] pressed=0 raw=(0,203) out=(-1,-1)
PICOUI_BACKEND_IMAGE_SOURCE=logo:img=null,mask=null
[PICOUI_TOUCH][GET] pressed=0 raw=(0,203) out=(-1,-1)
PICOUI_BACKEND_IMAGE_SOURCE=logo:img=null,mask=null
[PICOUI_TOUCH][GET] pressed=0 raw=(0,203) out=(-1,-1)
PICOUI_BACKEND_IMAGE_SOURCE=logo:img=null,mask=null
[PICOUI_TOUCH][GET] pressed=0 raw=(0,203) out=(-1,-1)
PICOUI_BACKEND_IMAGE_SOURCE=logo:img=null,mask=null
[PICOUI_TOUCH][GET] pressed=0 raw=(0,203) out=(-1,-1)
PICOUI_BACKEND_IMAGE_SOURCE=logo:img=null,mask=null
[PICOUI_TOUCH][GET] pressed=0 raw=(0,203) out=(-1,-1)
PICOUI_BACKEND_IMAGE_SOURCE=logo:img=null,mask=null
[PICOUI_TOUCH][GET] pressed=0 raw=(0,203) out=(-1,-1)
PICOUI_BACKEND_IMAGE_SOURCE=logo:img=null,mask=null
[PICOUI_TOUCH][GET] pressed=0 raw=(0,203) out=(-1,-1)
PICOUI_BACKEND_IMAGE_SOURCE=logo:img=null,mask=null
[PICOUI_TOUCH][GET] pressed=0 raw=(0,203) out=(-1,-1)
PICOUI_BACKEND_IMAGE_SOURCE=logo:img=null,mask=null
[PICOUI_TOUCH][GET] pressed=0 raw=(0,203) out=(-1,-1)
PICOUI_BACKEND_IMAGE_SOURCE=logo:img=null,mask=null
[PICOUI_TOUCH][GET] pressed=0 raw=(0,203) out=(-1,-1)
PICOUI_BACKEND_IMAGE_SOURCE=logo:img=null,mask=null
[PICOUI_TOUCH][GET] pressed=0 raw=(0,203) out=(-1,-1)
PICOUI_BACKEND_IMAGE_SOURCE=logo:img=null,mask=null
[PICOUI_TOUCH][GET] pressed=0 raw=(0,203) out=(-1,-1)
PICOUI_BACKEND_IMAGE_SOURCE=logo:img=null,mask=null
[PICOUI_TOUCH][GET] pressed=0 raw=(0,203) out=(-1,-1)
PICOUI_BACKEND_IMAGE_SOURCE=logo:img=null,mask=null
[PICOUI_TOUCH][GET] pressed=0 raw=(0,203) out=(-1,-1)
PICOUI_BACKEND_IMAGE_SOURCE=logo:img=null,mask=null
[PICOUI_TOUCH][GET] pressed=0 raw=(0,203) out=(-1,-1)
PICOUI_BACKEND_IMAGE_SOURCE=logo:img=null,mask=null
[PICOUI_TOUCH][GET] pressed=0 raw=(0,203) out=(-1,-1)
PICOUI_BACKEND_IMAGE_SOURCE=logo:img=null,mask=null
[PICOUI_TOUCH][GET] pressed=0 raw=(0,203) out=(-1,-1)
PICOUI_BACKEND_IMAGE_SOURCE=logo:img=null,mask=null
[PICOUI_TOUCH][GET] pressed=0 raw=(0,203) out=(-1,-1)
PICOUI_BACKEND_IMAGE_SOURCE=logo:img=null,mask=null
[PICOUI_TOUCH][GET] pressed=0 raw=(0,203) out=(-1,-1)
PICOUI_BACKEND_IMAGE_SOURCE=logo:img=null,mask=null
[PICOUI_TOUCH][GET] pressed=0 raw=(0,203) out=(-1,-1)
PICOUI_BACKEND_IMAGE_SOURCE=logo:img=null,mask=null
[PICOUI_TOUCH][GET] pressed=0 raw=(0,203) out=(-1,-1)
PICOUI_BACKEND_IMAGE_SOURCE=logo:img=null,mask=null
